Alvarez,Barbara,1927-10-04,f5e61859-e116-4d9b-8c20-074befae4d3f
Alvarez,Barbara,1930-07-20,ed542398-b3e7-483e-9a06-ba5f501b3b58
Alvarez,Barbara,1944-08-09,7f2cf542-f9d5-4232-ae5e-8e41a63e2de1
Alvarez,Barbara,1949-04-16,fc53920a-26cd-42e8-a5ef-c60f723adfab
Alvarez,Barbara,1960-04-26,ea77b45c-2f89-452c-9611-5f3faacfc038
Alvarez,Barbara,1986-08-29,c983fbfb-81c7-4cde-8ce9-70a28dce71a4
Alvarez,Diego,1953-06-14,e6024646-878b-44d8-8187-b8ffa123c682
Alvarez,Diego,1955-06-08,d1fedd8c-9f29-4068-b8c3-91bb2ae3d3a7
Alvarez,Diego,1960-08-03,5615e87b-2acf-4fb0-962e-658464031d7f
Alvarez,Diego,1964-11-27,324d039c-c5e0-4801-afe5-5aec1ca38188
Alvarez,Diego,1984-05-01,1ff3902a-2e9e-471c-ae86-94db96b591a9
Alvarez,Diego,1986-04-11,1a5db29d-e467-408c-b5ac-5e90298d258d
Alvarez,Federico,1926-07-04,c8d6ced8-d276-416c-9acc-a1222af723fd
Alvarez,Federico,1990-04-19,358b6556-afbe-46c3-bf4e-d1cb9b97363e
Alvarez,Federico,1993-08-09,ca1cc250-4a67-499e-a7d9-10eff1333076
Alvarez,Federico,1997-04-15,e4f41d4f-f37c-4366-9016-a0b19ac4a08a
Alvarez,Federico,2002-09-20,b58981f2-f62f-49ec-9354-7248c99df801
Alvarez,Jacqueline,1956-08-26,616613f6-3d82-4a9b-beb4-76a19c70b8de
Alvarez,James,1961-06-21,fd32ea9a-565f-4eb5-8eb5-93ffcec712c4
Alvarez,James,1964-09-27,8af07556-9b50-4644-9003-87dda2043586
Alvarez,James,1969-06-26,46a2a2be-28b9-44bb-b83e-1407bde9d860
Alvarez,James,1972-10-12,70f5d1e6-d7fc-46c8-b648-b1202b8b899d
Alvarez,James,1988-07-21,9a05f5ef-b564-43de-9d2d-c433c56ecfab
Alvarez,James,2020-09-07,5df91d10-16bb-43d8-b62b-8a6bf7dfa2c0
Alvarez,Jennifer,1986-03-13,b7e3831f-9b76-45d5-8720-8940309d29cb
Alvarez,Jennifer,1986-03-13,fc7990da-4a10-4785-bad4-6b04554c82af
Alvarez,Jennifer,1998-04-17,6fc39d28-8989-4c52-b3d6-963de2cecbca
Alvarez,Jessica,1934-10-17,c1d8f636-bec3-4fa2-8dc8-3d05155d122c
Alvarez,Jessica,1936-01-02,86d00c61-7140-409c-be83-fe577ea3998c
Alvarez,Jessica,1943-05-08,e24eb9bb-2f15-4308-8294-88a951c67819
Alvarez,Jessica,1957-08-18,d93965eb-172e-4f52-90de-d8c8feea0f8d
Alvarez,Jessica,1994-02-10,9b456f75-9916-4f7d-95a8-6da60b2995e6
Alvarez,Jessica,1996-03-26,deaf9701-2156-4d15-b130-f4f7d5e0e2e3
Alvarez,Jessica,2009-01-10,f94a8c8b-6fe1-47c2-9a20-1249fb07e043
Alvarez,Jessica,2011-02-21,69bc1b02-e81e-4f93-bfb0-8ade692553e4
Alvarez,Jose,1937-06-01,6805c2b9-55ec-48e3-943c-55505ca3479c
Alvarez,Jose,1954-03-17,c3e267b4-903c-48c1-98a6-7cb6191de4b5
Alvarez,Jose,1987-08-21,47ce0429-ce99-4ac3-b4e2-628021582d69
Alvarez,Jose,1998-09-28,4e6572e2-0158-4661-bb77-5b484016c53e
Alvarez,Jose,2022-09-09,06662539-924c-4803-a9cd-9a12491a4cae
Alvarez,Kathleen,1941-06-11,3876b1a4-db46-4ecb-872b-2a72da4429ab
Alvarez,Kathleen,1985-03-05,a20b3fde-022b-4dfa-a8d1-d124fe84c724
Alvarez,Kathleen,2011-06-19,c93d638f-8ca6-4e85-a458-ddac5654483c
Alvarez,Kathleen,2014-03-11,1e3c1b32-e678-4e7f-9931-c0f3c9b2ba46
Alvarez,Marcel,1938-11-28,cdba050a-3576-4b0d-9e21-bffd051a52e3
Alvarez,Marcel,1939-08-09,234f1f4f-2b5d-40fd-8826-3d07b05ca51c
Alvarez,Marcel,1949-01-19,2578cbe1-7736-418d-aff2-20b2159e22a5
Alvarez,Marcel,1989-04-22,cbdf36be-7de2-464d-9462-e58dd1f47b4c
Alvarez,Marcel,1993-06-24,1c086268-f467-4924-8832-8e5737362aed
Alvarez,Marcel,1994-08-08,40bb19d4-9a56-4321-b416-9557d5fbc462
Alvarez,Marcel,1995-11-07,049ad653-8112-446f-b81a-3d49ef476b6d
Alvarez,Marcel,1996-04-05,73f18758-5b5c-45e0-8614-4c42a29f201a
Alvarez,Marcel,2022-02-12,4b702497-c7cb-4bb6-b971-82565178d502
Alvarez,Maria,1934-04-13,20e88dff-6fd2-4603-87a7-e6e72473fae0
Alvarez,Maria,1934-07-11,85086f1b-632a-475d-a194-515fa7f614a1
Alvarez,Maria,1976-03-29,cb1c3aa5-9233-4fa3-bc93-7e3860d827db
Alvarez,Maria,1991-04-26,4d677aa3-7f6b-44e9-a7c9-a6cfb6545b26
Alvarez,Ming,1926-01-26,df446429-441f-46ab-a757-593ba4331f58
Alvarez,Ming,1944-11-12,fe28967c-b57c-4609-9c61-97a4fcee3bb7
Alvarez,Ming,1982-10-15,c7c72815-64a9-4203-ac24-d416fbc36308
Alvarez,Ming,1998-03-17,4744eb4a-9048-4b40-9edb-6375c041e0fe
Alvarez,Robert,1959-02-08,8f9d6182-ee0c-4f29-9b35-161843e1a1fc
Alvarez,Tomas,1952-10-22,5d2b0fb2-a05d-4867-beec-41b654e78df1
Alvarez,Tomas,1997-03-02,556526a9-5e29-41bb-aa16-9711e8fce7ae
Alvarez,Walter,1934-10-08,29f98e86-cab8-4c64-a4ec-0284892cdd67
Alvarez,Walter,1983-02-07,501c8951-9cb1-44e0-a73b-2ce56473b950
Alvarez,Walter,1986-04-09,847e1b18-c68e-496a-b0cc-7de2ae67ba23
Alvarez,Walter,2007-10-26,37d8f79a-7b29-4de2-8604-7cc7ed029c54
Alvarez,Walter,2015-06-14,c03bc0e4-a021-45f9-9ce6-f9ac3c4c651c
Carpenter,Barbara,2005-03-28,d3515677-10ea-4644-ae6d-1617d372a6f7
Carpenter,Barbara,2014-08-06,a27390fb-656d-4176-bd1c-0a7abd4c819b
Carpenter,Barbara,2014-11-05,ecb559e0-7b36-426d-996e-2ac983fc9d5a
Carpenter,Barbara,2015-01-27,062043c8-752c-4874-b023-fb6daff3ecd8
Carpenter,Barbara,2016-08-06,bc19b18c-d984-4456-a2fa-65bea9caab08
Carpenter,Diego,1930-11-05,83278261-104a-4b70-a9e2-f0303407c15b
Carpenter,Diego,1964-06-02,9115ee9e-c7e6-48d0-9eca-1b71edf6ce19
Carpenter,Diego,1998-04-09,310fbc42-c513-4e4f-b082-0578649e0a3b
Carpenter,Diego,2003-09-25,e22b4e1c-e05a-4453-895e-7af66325ef9b
Carpenter,Diego,2012-02-01,7af96184-401e-4087-bec6-9a918862fb01
Carpenter,Jacqueline,1929-05-22,d2d94bca-2276-4ce9-aa49-14a6c37b9c32
Carpenter,Jacqueline,1940-10-28,e9cdd365-d3a7-49d0-bbf7-f233d2eebc8e
Carpenter,Jacqueline,1977-07-02,14a3af22-fffc-44f6-bf65-809ca0458574
Carpenter,Jacqueline,1994-06-15,da333630-4474-4b5a-9029-03f972d7d0ee
Carpenter,Jacqueline,2000-05-11,faf6eb37-49d8-4084-a44d-01f131874345
Carpenter,Jacqueline,2006-02-17,000240e9-d0e9-4eb2-9726-3265845e691a
Carpenter,James,1926-05-11,75949825-ae09-4886-9d1e-674fb91b74cb
Carpenter,James,1926-05-11,78927366-c6de-4e9d-9caf-140dfb1f71c8
Carpenter,James,1931-09-10,eaf26a17-2fbb-40e1-a989-7cc29e2c6647
Carpenter,James,1981-05-27,30cd8847-a5de-4cf6-8ee8-3028990eb070
Carpenter,James,2016-08-21,69f778d2-9727-40c3-b0ee-033d5fb20cb9
Carpenter,Jennifer,1985-08-13,c18c20d6-0386-456f-8aba-e0d5f56f969e
Carpenter,Jennifer,1985-08-13,76d4c5c0-496e-40cc-b008-68501157c6b3
Carpenter,Jessica,1960-05-10,acb4d4f4-971e-4958-b95e-2eda75cd5314
Carpenter,Jessica,1983-06-14,3522f352-b3a8-4736-b345-5c91a2434bb6
Carpenter,Jessica,1992-04-22,878d1a96-87be-49ee-8bd3-c60bca498811
Carpenter,Jessica,2017-10-30,76d3af2f-3421-4ff0-9187-3e3a8858931a
Carpenter,Jose,2023-08-14,31e0f17e-8842-4750-bb77-19d60a760f7e
Carpenter,Kathleen,1958-07-26,696cdf1e-08dc-4ee0-9c7c-61d201e050b4
Carpenter,Kathleen,1961-01-05,a31de2e9-afb8-482f-973f-5ad3f3c6ec5f
Carpenter,Kathleen,1974-03-11,2eb1cfa6-ef3f-451c-96c4-14f4d59ce47a
Carpenter,Kathleen,1998-05-21,3dd50f4f-b8d9-4761-aa3d-d2246167e505
Carpenter,Kathleen,2006-09-08,cdc31ba0-d703-424d-8aaa-0a96f603d233
Carpenter,Marcel,1935-02-11,d8b7cea0-f598-4248-9baf-11cc508f67fe
Carpenter,Marcel,1938-09-20,37d514d0-5028-4c0c-96c7-96106e951a8b
Carpenter,Marcel,2006-02-14,4be62282-db79-4ea9-a29e-2c9d89911cb8
Carpenter,Maria,1983-02-13,7b05e5ab-f7aa-427f-9189-31160a0589a1
Carpenter,Maria,2020-09-25,148240ae-f3c2-4f20-ac71-1dd4179243e7
Carpenter,Ming,1990-10-17,895756d7-fd53-439c-8dc5-b618b7694b8e
Carpenter,Robert,1938-01-08,5f8dc1ec-2d88-413f-99c8-aa6f49e4210b
Carpenter,Robert,1951-03-03,7e036dc0-8b63-47d7-85b1-3b4f88507b3c
Carpenter,Robert,1951-11-27,91ca594d-b444-43d8-8c6c-4e2748b893f0
Carpenter,Robert,1986-03-01,23aeeb4d-91be-45e4-9128-a3089c4b5bc8
Carpenter,Robert,1990-10-16,9ab57088-42f4-4aa0-9af3-cc0681efad7c
Carpenter,Tomas,1933-11-21,6d8024b5-cccd-430c-9c41-b72f35ceefae
Carpenter,Tomas,1941-09-25,eeea62b2-2ee0-45df-aadd-5698a8f540c6
Carpenter,Tomas,1984-08-07,d7a3e75c-697a-4f48-a397-6f0123e89785
Carpenter,Tomas,1997-10-05,3e4402de-deea-4dc6-9b4a-cf7a8da39fc8
Carpenter,Tomas,2018-11-26,77ecc2ab-26c2-4543-a0d7-617455f324b0
Carpenter,Walter,1929-06-05,d4c8f204-7787-43c4-be9b-fb5ab97557ea
Carpenter,Walter,1945-03-04,0a99d84b-e5bd-4bbd-ae14-01c652f01e62
Carpenter,Walter,1948-08-27,7afd397a-d74e-4cf4-8b73-e73d18d0d43a
Carpenter,Walter,1948-08-27,fd964e0e-3168-40a6-9b95-ded942125256
DeAndre,Barbara,1967-09-22,a8e121b8-43c9-48ec-a0f5-ceff6dc5a944
DeAndre,Barbara,1981-02-07,b07d5789-9370-475a-8a49-0f17630513af
DeAndre,Barbara,2002-02-01,e7fd6a0e-b9f3-4d37-9de1-89359ba263e9
DeAndre,Diego,1943-09-29,c5e2567a-9a23-4167-96f5-2a435c47224c
DeAndre,Diego,1967-05-02,62822ece-dce8-42cb-b399-cb6abe073652
DeAndre,Diego,2004-01-29,a4a55b9b-d88a-4d61-a190-7fdd9fb72264
DeAndre,Diego,2007-06-20,698665f6-4e52-4aac-9546-a818decd1522
DeAndre,Diego,2021-11-01,94d28439-3442-49fb-a1f0-39aba1399a92
DeAndre,Federico,1926-05-19,165638b4-b5ec-492c-ae4e-b4d87993c2ff
DeAndre,Federico,1930-01-23,7f05c8d3-54d3-407a-8628-20c919d7710b
DeAndre,Federico,1994-09-06,05a2d8eb-0e39-40a2-a242-17146a53363a
DeAndre,Federico,2008-09-15,0eea96ee-3993-4331-b054-b2f10b26ee7b
DeAndre,Federico,2010-02-24,960754c0-d6e9-40e7-bb7b-885a02094438
DeAndre,Federico,2020-08-18,ed086fe0-0ffd-4af8-afcc-7b584e585a30
DeAndre,Jacqueline,1933-01-01,22b9c19e-f209-49ed-a535-e3e438aee788
DeAndre,Jacqueline,1984-10-28,a27b24d5-d363-46d3-9839-091aa0339943
DeAndre,Jacqueline,1992-08-22,05ec1fc5-0ee7-4bef-9493-f2486306093c
DeAndre,James,1960-03-17,e7c48369-4d25-4c25-894c-1d24064a492a
DeAndre,Jennifer,1928-03-25,ad7e78ea-662e-48f3-a991-99658215ee2b
DeAndre,Jennifer,1930-03-02,93b01412-a103-42ae-9110-36f744a2d7c2
DeAndre,Jennifer,1936-01-29,34a39aad-23d7-4ff4-b5a4-882c1315a6a2
DeAndre,Jennifer,1947-07-29,4e8aed3c-3a13-46a0-982f-99a7acff789e
DeAndre,Jennifer,1981-01-16,b7ab64e9-14a5-4349-b5d9-c9c7f879c42e
DeAndre,Jennifer,1982-09-12,df6308fe-67b3-43bb-a000-fee34356c3e2
DeAndre,Jessica,1946-07-19,d9b5062b-115b-4995-87e5-7017e1e16bc3
DeAndre,Jessica,1961-05-07,1b6d9df4-9ff8-4520-8331-268bd82ddae5
DeAndre,Jose,1953-10-26,87abc1d9-faf8-4f26-8948-fe7bcf3eea21
DeAndre,Jose,2020-06-12,e89ee3f9-d7ec-40c2-9587-dd1a95319401
DeAndre,Kathleen,1935-01-21,6ee1ec76-fe5f-422f-8e85-70d63a625502
DeAndre,Kathleen,1952-07-27,b9ab4b9e-9f89-4fae-86b8-5433475dc247
DeAndre,Kathleen,1966-01-17,2beab848-a6c4-43e0-bde4-ed0a016aa530
DeAndre,Kathleen,1977-03-16,35c41282-941f-49d6-b49d-ce1786df4c2a
DeAndre,Kathleen,1997-06-14,b3f56490-5bf6-4f41-9534-570b1adaca46
DeAndre,Marcel,1932-05-03,f0b5683d-fd48-4ae2-abfa-76a76136b86b
DeAndre,Marcel,1946-07-23,93d411ed-a806-4a19-91e3-ad663fe2afb6
DeAndre,Marcel,1957-07-28,9dd32df8-a087-438a-ae83-6f988f0db3b4
DeAndre,Marcel,1979-06-18,5ac6bb3a-0335-4e79-a25b-1676643cd149
DeAndre,Maria,1940-10-23,e4b16334-e62a-4f8a-a75f-4cec897d0648
DeAndre,Maria,1958-05-18,42dcf953-9dfc-4f58-8173-c7e16a0d8758
DeAndre,Maria,1960-09-17,c63c9f6e-5d8b-461d-be3e-13d05025904c
DeAndre,Maria,1962-04-10,7abf9d0c-d6cf-44e1-9ee8-3e6c80ea9eea
DeAndre,Maria,1965-10-06,a3abf4ee-6272-42bb-b71f-7501ccc45b51
DeAndre,Maria,1975-04-19,1b83e11d-c09a-4d27-9305-3d9f1c1a2a6a
DeAndre,Maria,1989-03-13,a3fe0403-5826-4daa-9be6-6d3a6034c468
DeAndre,Maria,2001-07-19,70a92310-cc56-47d1-a290-ebbf19707bd6
DeAndre,Maria,2012-08-10,b3e64842-11bb-41c1-94d2-b87fbf6f6849
DeAndre,Ming,1928-07-02,17427ccd-0250-45a2-8160-f4b53f1d4da7
DeAndre,Ming,1941-01-20,ac345e9b-59b1-4622-bfcc-6e688470f2f8
DeAndre,Ming,1943-04-13,3fd65582-0841-4553-8932-cf000f61e573
DeAndre,Ming,1954-09-02,57523b0d-b7f3-481d-8ca7-b3c1f05b194e
DeAndre,Ming,1982-03-18,49a054d7-c5eb-4012-a516-1faeacae75ab
DeAndre,Ming,2002-01-29,cc51a451-e397-4618-bc1f-c03a1ae8a18c
DeAndre,Robert,1928-09-26,f1b9729d-7870-45b8-8c93-bd59a94a234a
DeAndre,Robert,1941-02-18,c7ea3b44-4716-49df-a8fc-b9675cc057b8
DeAndre,Robert,1967-02-26,bd65698c-c1b7-4205-a52b-47b350fd3e87
DeAndre,Robert,1967-05-04,8da475d2-80dd-4d04-8d0e-709cada9400f
DeAndre,Robert,1968-03-29,9dbbd8f2-b7fe-455c-b4df-dffc2fc640e5
DeAndre,Tomas,1952-02-19,5d222811-c1a2-431b-ab51-3230db3bd6eb
DeAndre,Tomas,1953-06-15,ec5cf5c1-a894-4ca1-a4ee-5870e3196238
DeAndre,Tomas,1967-03-03,af2091cb-800b-4f42-a66e-7ee7c4e51a11
DeAndre,Tomas,1969-08-30,c78b4539-01b8-4d9a-b95e-2fb47fe1fbe1
DeAndre,Walter,1948-05-27,10868aa1-3da0-4eca-8dc8-6a2f3dce4059
DeAndre,Walter,1984-06-21,70c1b9d3-d702-46ce-a462-c39bcdadae08
DeAndre,Walter,1997-07-04,bab36b2c-7eeb-415b-98af-1017357a6c89
DeAndre,Walter,2015-02-08,00475cfb-6c5a-4333-9f54-7ca7f6008cd2
DeAndre,Walter,2023-06-02,8c989cb3-3cb7-4654-9b40-392af8d6fff5
Garten,Barbara,1928-07-13,5af011af-ed1e-42cf-b40b-f936ca8d1677
Garten,Barbara,1929-03-19,63ee8409-86a2-43c0-9da6-436d241b2480
Garten,Barbara,1957-04-16,eb0ffc89-90a7-4687-9c67-b66cba95b3b4
Garten,Barbara,1974-08-23,d55287da-061c-4c17-b25e-c0e765fe3598
Garten,Diego,1941-09-17,19b33e4c-babe-4b3e-944c-ea3fa7c46adc
Garten,Diego,1997-05-23,da43d435-a3f9-4ae7-9d2b-889788b71676
Garten,Diego,2000-05-16,8dd767a2-1e31-484e-a9db-7868d4c6d8e3
Garten,Diego,2008-03-08,4a2f34e5-1fc2-470a-8db7-0e5c38331fb3
Garten,Diego,2016-06-28,8c55ac9f-b238-4d9e-87bc-11e53b5d0032
Garten,Federico,1924-04-13,44491011-4a10-4847-98b9-9598c794aea3
Garten,Federico,1954-11-08,981b514b-f7e2-462d-878e-aa8055f09a01
Garten,Federico,1986-11-27,33af308c-261c-4cd3-a5bf-3b5c42208421
Garten,Federico,2007-11-17,3069f9f0-2a9e-41da-9011-9c2d52b60aa5
Garten,Federico,2010-04-02,5b1f6dcc-ca65-4a05-bb32-d6c273dbc997
Garten,Jacqueline,1932-11-26,f97ccf7b-1f17-4e43-9f52-6d63f67303f8
Garten,Jacqueline,1983-11-24,e34ed3c7-00d2-4720-899c-260afb0a848c
Garten,James,1968-09-12,065b867e-bdf0-4fec-83ff-f1aec40b9ca7
Garten,James,1985-02-23,75b205f7-c366-47cb-96ac-d2b47056d019
Garten,Jennifer,1927-02-04,a432b8e4-d435-47ed-af11-277e33427628
Garten,Jennifer,1942-07-14,139c4815-a277-452f-93e2-63bb1b114c75
Garten,Jennifer,1949-06-15,59698b62-11f5-4b49-bebf-1517c544ea7b
Garten,Jennifer,1974-06-14,aafd0315-2bce-4bb9-8cec-b4cd632acd59
Garten,Jennifer,2019-03-17,0cb46f8d-efb6-4aa4-b1a4-293f9630258c
Garten,Jessica,1927-05-19,027b1755-2848-4112-9a6c-0c3593a954c4
Garten,Jessica,1960-03-22,eca42515-5ea5-4c4f-b1bd-b870ff1f3c09
Garten,Jessica,1995-03-15,1a31d2c9-b2f1-4536-856f-4f38617b3109
Garten,Jessica,2016-07-17,89a3845b-e18b-4246-b0b2-acb6a8254f51
Garten,Jessica,2023-05-20,6358904c-5227-4e92-b82f-46a39f5cf605
Garten,Jose,1946-07-16,bfc6d3af-52ce-4d2f-9025-0a63a9bb6277
Garten,Jose,1960-09-29,0d3bac18-29c7-45d8-bd3a-4ddf99974f61
Garten,Jose,1971-04-22,f044043a-b39f-42d6-afd2-6bcb2e152199
Garten,Kathleen,1933-07-02,f028008d-1699-4633-ad3b-5c7b7de16185
Garten,Kathleen,2002-02-20,a46baf0d-e432-4624-b6ff-640acbd7cbfa
Garten,Marcel,1936-08-12,83439f7e-5ba3-405e-b645-d16351996e25
Garten,Marcel,1985-03-15,ba86f314-c19d-49d9-aa5f-0741d0c8cf54
Garten,Maria,1953-10-18,2b26895f-74ba-4315-ba32-6e8e3e529871
Garten,Ming,1929-06-02,f42532a2-670b-4bd6-9324-5b600ff93f9f
Garten,Ming,1929-09-23,aa5f90eb-31a4-45f6-9ca5-fa18f837e82e
Garten,Ming,1935-10-10,93036076-6949-4613-a54d-5386da1e0a29
Garten,Ming,1947-03-12,8859fc5e-838c-447a-8d75-c54203631c52
Garten,Ming,1964-04-02,a9afd58f-68e7-4ee8-981b-7182984a20b4
Garten,Ming,2016-03-18,2d6dbaa1-0f71-40e8-9aef-a150bcf4c4c3
Garten,Ming,2020-10-27,56066a4b-cbf9-42f3-98e3-601f1e088569
Garten,Robert,1925-04-10,17561474-30bf-4fe7-820b-94631ca3962b
Garten,Robert,1925-05-04,b9f1d631-6e14-4f69-9ee4-10d53f5895c7
Garten,Robert,1933-09-27,051d7ccd-07ac-450a-8e1a-9e79e1ea14c7
Garten,Tomas,1927-02-06,1205ccfd-4355-4b73-a7c7-2799030567bd
Garten,Tomas,1948-01-26,9882c146-04e5-4128-9bea-3f0eb39a1a0f
Garten,Tomas,1959-04-27,4c4ec54c-9262-4fb2-8f06-455deb564b3f
Garten,Tomas,1967-08-02,3752e75c-d954-480c-ae32-13cfc3e6b4e9
Garten,Tomas,1978-09-24,3aec97cb-bad5-473d-8c0a-0e85bbd48f6d
Garten,Tomas,1994-05-28,2baf0998-3a14-4499-9214-921b231304c3
Garten,Walter,1932-07-12,a8f6a227-7a80-4391-8597-ca12647e914f
Garten,Walter,1942-08-27,c5cf017b-b71e-4166-9172-0931df74a70f
Gomez,Barbara,1948-11-15,795571ac-694e-465a-a069-532163901342
Gomez,Barbara,1949-01-12,0e50ec1a-2311-45e4-be09-7a74094d21ae
Gomez,Barbara,2003-04-20,c189f0e2-83a8-4712-a376-cc1d03d11a57
Gomez,Diego,1924-01-04,d677fc2e-625f-4ded-838b-9596fa29992f
Gomez,Diego,1949-06-05,cb92fe6d-ade8-4534-b1c9-82082388c35c
Gomez,Diego,1959-05-14,5a1d083e-8e85-4312-9ed2-a99790f288f2
Gomez,Diego,1971-08-14,4704b80d-81a4-476e-8f45-5a01573fadc0
Gomez,Diego,2012-07-25,c44e01c6-39a9-42de-8be7-0cbd6090f2ac
Gomez,Diego,2014-10-06,61af1ebe-872d-47be-a813-271a5ab927ac
Gomez,Diego,2020-01-19,7726a6d7-2707-4d37-a2b1-3cb5a14c13eb
Gomez,Federico,2011-02-17,e3b641e2-8f3c-4b8b-ade3-30f4717ec54e
Gomez,Federico,2017-07-05,52af0232-54d8-4567-8e6d-b51ab2039ebd
Gomez,James,1943-10-28,628edfe9-9042-4ed1-9f75-e28adde8cf9c
Gomez,James,1973-01-10,4cec88ce-e25f-4fd1-9120-a037a9b0e74d
Gomez,James,2020-06-18,c10a93ab-a912-486e-8ab1-20727fa9e140
Gomez,James,2021-03-07,6d2f2f85-7416-4ffd-a8f2-6394c5cbe57b
Gomez,Jennifer,1970-09-20,a5c651cd-51c7-4fd1-ae7f-07589751fb02
Gomez,Jennifer,1989-01-25,d8684f6f-5d84-4189-9562-5eff56be9613
Gomez,Jennifer,2020-04-20,c929c608-0394-4998-8074-1eacd8c292ea
Gomez,Jessica,1932-09-09,aa841c5a-2aff-4ba5-9861-e47c8f6e6793
Gomez,Jessica,1960-01-16,58b87679-c58f-4d38-8925-b7e6801fd889
Gomez,Jessica,1978-04-12,b491d185-6b84-466d-8547-6a0c97ee087d
Gomez,Jessica,2003-04-21,3680a4a3-9dde-4d73-8583-8a866d9f2e61
Gomez,Jessica,2004-06-07,b12d8bd3-3a30-41c3-8ca3-ec0d03cd32e0
Gomez,Jose,1998-08-09,0a2709a0-0acf-401e-82ac-a7448b19e7b7
Gomez,Kathleen,1969-10-12,ae19b489-595c-4464-a87f-29dff15c4513
Gomez,Kathleen,2004-01-05,69186dfc-11e0-4313-ba75-4a913de28385
Gomez,Kathleen,2015-10-16,da8c2b4d-f36d-4b37-8dd7-4030b6192a67
Gomez,Marcel,1925-10-02,9775939f-9fd6-43c7-9c19-0637e7554754
Gomez,Marcel,1932-03-05,c25c71f2-cea2-47b9-b72f-beaac46e9adf
Gomez,Marcel,1937-09-16,b1d1bf90-7947-4f54-a2fa-c9ba6072a74e
Gomez,Marcel,1977-09-10,4557fe0c-dc82-4780-a1cc-57a39b471238
Gomez,Marcel,1978-05-05,28ea1ed7-e445-4489-a015-133d44f7aec2
Gomez,Marcel,1981-03-27,cc708881-a732-467e-8252-b427dcffa01a
Gomez,Maria,1936-06-07,74705958-1f8d-454b-a03c-08d56f635916
Gomez,Maria,1952-04-14,150cc81b-bb7e-41d5-8292-7cfc7e13ec5e
Gomez,Maria,1965-05-05,419e04e6-9290-4c54-9d03-dd1a6f819bab
Gomez,Maria,1967-10-09,f65e94fb-fcad-4d0a-b4c7-ada4e5f408d7
Gomez,Maria,1975-02-04,4e17e61a-9482-4f1d-b5a3-e9dc12085e8a
Gomez,Maria,2005-11-15,4a5c88ff-af92-458a-a182-30f4f5359e1d
Gomez,Maria,2015-11-14,0d445c55-820d-4187-925f-2fc01b3484e5
Gomez,Maria,2020-11-16,5beb0855-f948-45b3-8403-b495ac113ac3
Gomez,Ming,1925-03-28,fe7c4607-eb32-4959-843d-bfed96c385fe
Gomez,Ming,1944-03-13,1879ee46-3b58-4ce5-9879-8012d3725699
Gomez,Ming,1986-03-14,7461cc1d-546e-4242-9c2d-6b7eb6b6539f
Gomez,Robert,1966-01-18,e795e939-638e-4aec-8c27-7b49e8465066
Gomez,Robert,1983-04-10,b86d5a79-e455-4b69-b24d-560cd5e0c6bf
Gomez,Robert,1985-08-04,e75390f7-08ab-400d-aa71-1a77f3c020e8
Gomez,Robert,2013-08-27,98c5514e-d618-43f7-91d8-182ed7a3000e
Gomez,Tomas,1930-06-03,98011d9e-34ba-4165-8aa1-36420042393b
Gomez,Tomas,1942-04-13,7b2f4fce-8c72-4834-9173-87652f39b7c7
Gomez,Tomas,1970-06-23,1c1afc79-43f6-4788-ae42-d51e9f398200
Gomez,Tomas,1978-10-16,006b3897-d9de-4ef7-a2ba-1adc3e50d410
Gomez,Tomas,2003-03-27,e4f2af1b-e846-4fb5-90f8-2ad9bc1649a6
Gomez,Tomas,2004-08-05,21774278-4cac-4c09-be72-47e2a2e281ba
Gomez,Tomas,2010-08-06,10aa1c9b-59dd-429c-8b43-84db8506bf42
Gomez,Walter,1933-10-25,553ac0b7-80eb-480c-b889-e1631ae62a87
Gomez,Walter,1951-08-04,4be651f4-cf99-44db-b096-d7d5edc544a7
Gomez,Walter,1977-02-26,441cfd0e-3e00-4b43-b324-7520110f2551
Gomez,Walter,2006-04-05,41e5a7db-ff02-4443-85e7-3619c047bdb7
Hernandez,Barbara,1932-01-06,d96caab2-a9f4-48c2-be12-4ff3523445bf
Hernandez,Barbara,1936-01-28,f63abcef-0728-42ec-830c-a11a5fae388a
Hernandez,Barbara,1948-10-12,2cd8b771-db19-4935-91fd-58d95fc6dc52
Hernandez,Barbara,1962-07-19,1ef2061d-fdba-4805-b700-54294aacaa38
Hernandez,Barbara,2008-01-29,fbb99cd4-3980-4757-b778-77472e1ce7a2
Hernandez,Diego,1973-11-19,2305bede-3068-418b-b9fd-45ececa63763
Hernandez,Diego,1974-08-24,44dea5f2-d120-4caa-94a3-a766d868e91c
Hernandez,Diego,1979-09-01,5bf02686-bc26-48ea-a51c-60d3b510d12a
Hernandez,Diego,1991-03-21,2178a6d5-85ac-495b-9539-372528c84c40
Hernandez,Federico,1931-11-01,de59aacc-e0ca-4a7f-a7f8-907491127a45
Hernandez,Federico,1970-03-01,6da1eba2-3d5d-4af7-be7c-e6c66c9c1d60
Hernandez,Federico,1981-11-22,9bb48a98-e8ce-4bd9-bc75-5be69d2434c9
Hernandez,Federico,1989-11-03,1981d990-c329-4f6d-866c-469199eb0be6
Hernandez,Federico,1996-01-06,b8e9bbdb-1a66-4040-aac2-237bc76c9202
Hernandez,Federico,2018-10-05,afb3f7ae-018f-48b8-b406-8c7cb789dc7d
Hernandez,Jacqueline,1947-05-15,f6762bfe-79a2-4422-8e1e-accd90e18829
Hernandez,Jacqueline,1948-05-29,0304951e-ce34-4091-b024-683c4006d692
Hernandez,Jacqueline,2015-11-13,9c53127d-5da9-4cd6-af32-7e8e52897829
Hernandez,James,1928-10-23,81005b4f-475e-4203-93ed-4ab08551f9d9
Hernandez,James,1934-07-08,3cb4ea08-646a-4eb7-967f-ba80044c2a86
Hernandez,James,1937-02-27,9ea0531b-d059-49ea-a8a4-8ee9b17a70a3
Hernandez,James,1952-08-20,82e6db7d-6787-413a-86d2-e5c08de84ddf
Hernandez,James,1982-05-10,c2e70423-8eb1-400e-a693-7730b429eb70
Hernandez,James,1991-08-22,d187fbbc-7f25-441a-bacf-d9cf63a529d1
Hernandez,Jennifer,1926-09-15,b721e5e9-7214-4b2f-9014-43955e74bb54
Hernandez,Jennifer,1929-04-27,4440f4bf-cf20-4e79-99ef-59c0aa00b8ef
Hernandez,Jennifer,1966-04-03,0abb5b16-ed08-4023-8021-17454f324399
Hernandez,Jennifer,1973-09-05,eac89192-eb02-402c-85c5-8b384b11db40
Hernandez,Jennifer,1981-08-26,19d54de8-7328-44c8-a765-e026135a6f84
Hernandez,Jennifer,1993-09-02,53cf9152-6f63-4587-961d-6169d294c9c4
Hernandez,Jennifer,2002-04-06,1db64b5e-0f8a-49d7-ac47-c0dfa3f6ebcc
Hernandez,Jennifer,2023-07-13,5fe022f6-9ad0-40ba-af0b-66c0723cf6bb
Hernandez,Jessica,1933-10-27,5f2a6dd8-459b-4796-a4cc-0fde78bace3c
Hernandez,Jessica,1961-02-17,5c84920c-2f64-4d2a-bc70-1756f51749fe
Hernandez,Jessica,2006-01-30,234252e3-9567-465b-846f-6de32ae05857
Hernandez,Jose,0015-12-16,0dd6bf43-f7f0-4037-9b44-ebbbe096ea7c
Hernandez,Jose,1940-03-05,74500781-f970-453b-9e11-38a0fb1ce2cd
Hernandez,Jose,1940-09-10,5ed5619e-9c04-4bf4-ba89-9c92e5e7bb6e
Hernandez,Jose,1950-01-27,6efb838f-9dd3-4279-95cc-246fce684af4
Hernandez,Jose,1964-09-20,9fa4fa2b-a93c-44db-88a9-7e4fd4f248b3
Hernandez,Jose,1991-04-18,c9e4eec4-c4a9-4fae-95d0-53ec6e902447
Hernandez,Kathleen,1927-09-08,a9cb4cf1-0070-45a9-9347-228810357d33
Hernandez,Kathleen,1948-03-07,82f5f1d0-554b-46b3-8b43-735be20dc980
Hernandez,Kathleen,1991-05-12,49a23363-d2f1-4409-8b85-fea9417e339b
Hernandez,Marcel,1955-06-05,0f814c47-28b4-4bdb-b84c-6b3bc862db3b
Hernandez,Marcel,1989-02-20,81706c49-fd4c-4222-ab07-cb6469d37041
Hernandez,Marcel,2007-01-24,c51f60fb-2116-4b4e-88fc-3c4823176efc
Hernandez,Maria,1953-06-13,6aa2c1fc-fd82-42e2-9a54-95286a0ce9d5
Hernandez,Maria,1986-09-19,7d487705-fb23-46ac-892f-355b10da31f2
Hernandez,Maria,1992-06-07,f34cac36-bed2-46ff-a41e-0fc42c52574a
Hernandez,Ming,1948-10-03,0d8fa95d-c2fb-4a06-91f8-b5537ea63e5b
Hernandez,Ming,1961-07-02,ceec7d66-ccc4-4ce3-ac0b-c87b99c76aeb
Hernandez,Ming,1981-01-30,9bae6ccc-d959-4ccf-aec5-2f203ca1bdc3
Hernandez,Ming,1987-11-01,0714313e-6c38-4487-9373-efe8db41048c
Hernandez,Ming,1991-04-08,00cd7580-6308-4fb5-8e4e-82a4160ae09c
Hernandez,Ming,2001-05-27,fe6297e3-b5ee-4595-951f-c5e89cdd813b
Hernandez,Ming,2003-10-30,0a4dacd3-ec44-43be-92df-5dc82484d1c4
Hernandez,Ming,2016-02-01,3c699115-c7b8-43e1-8500-3b8dd435134b
Hernandez,Robert,1927-07-22,b6e214b8-f96c-44ef-bdff-6762b8d0ed1c
Hernandez,Robert,1932-10-14,cd75a839-72ce-4d3f-b0f7-74a9c7f27016
Hernandez,Robert,1972-01-15,0dd6e27e-92d7-40d1-8a7d-3c050c096a73
Hernandez,Robert,2013-01-16,cef20c33-3196-49aa-beb2-89fa3191193d
Hernandez,Tomas,1928-03-04,3762618f-fc5c-47a2-b3f8-5dd4fa90b249
Hernandez,Tomas,1937-09-28,e043d83b-d467-4e6d-95de-615243c091f5
Hernandez,Tomas,1987-05-06,e7452fe3-a84d-4d6c-b89a-eb9a3fe4b8ef
Hernandez,Tomas,1996-08-20,06a8d70e-72b9-40b8-add1-b76433f2f501
Hernandez,Tomas,1999-06-10,f1b7e749-573b-4bc5-a2bd-f91010b58b13
Hernandez,Walter,1966-01-23,b4fa8a77-5c11-4d70-975f-7a3af4e771b3
Hernandez,Walter,1977-05-07,045245ca-5aee-4b88-9ab7-85186f546a1e
Hernandez,Walter,1983-06-22,be34f40d-cae3-41c8-9bc9-b62f61ba509c
Hernandez,Walter,1985-03-22,b9baf1a4-175a-4038-a15b-82abf9961335
Jones,Barbara,1951-05-14,a50140f8-3c92-45d0-b845-9a1d9b60dec0
Jones,Barbara,1965-02-25,eeef2f5f-a517-4cbd-bf04-c865346fa8d8
Jones,Barbara,1975-11-11,be745db3-1e3b-47b5-899e-06b6dc6b2d9f
Jones,Barbara,2004-09-09,a7f29368-e675-45e3-b789-a3cb0b52e8f9
Jones,Barbara,2012-06-16,d9474b5f-966c-4603-bedc-4e335461d551
Jones,Barbara,2012-06-16,cb3a5e1b-28b3-4460-be6a-c5f6bbb66875
Jones,Diego,1931-01-30,930b88dd-5051-4b5f-8812-df4f44625b6c
Jones,Diego,1935-04-24,eb1da4ef-c88d-4e91-908f-de646917fc24
Jones,Diego,1948-11-22,ec4942e6-f179-4881-8143-57eebdc99236
Jones,Diego,1953-09-27,7e8fb3b6-ef3f-4879-874c-f42d0945d8d3
Jones,Diego,2004-07-15,191532a5-8e73-4df7-b991-3c69c1c8d01d
Jones,Diego,2013-02-22,4deefcc0-31a7-4595-8e06-3a54c78a2120
Jones,Federico,1936-06-18,847fa671-1e18-460c-9ae5-71bcb49f303f
Jones,Federico,1941-11-26,c56b70ec-8d61-45e4-bb6b-4e19008a5e11
Jones,Federico,1956-02-20,dd1c884d-39c3-432c-b67c-60723378b8f9
Jones,Federico,2016-04-28,2acd7b00-8cad-4ba8-b420-8f5cf7506738
Jones,Jacqueline,1924-03-03,5389e281-66a7-4b24-aa3e-ed2ecdf0613a
Jones,Jacqueline,1999-08-19,8fa9492d-de93-4cb7-84d3-ef88c2795a3e
Jones,Jacqueline,2011-10-20,df89b623-7dec-4461-9ada-0494b9b8023f
Jones,James,1953-11-07,0eef6e2a-f05b-4d7b-b228-58e8b2b6a971
Jones,James,1980-02-06,337ea374-fd34-4249-b96c-7d3296414e49
Jones,James,1992-07-07,c38eb36a-1237-426e-8ce7-2c7b9411d6a7
Jones,Jennifer,1924-09-01,238d2cd8-b38e-4bc9-97ba-855b3fd0d80b
Jones,Jennifer,1925-04-28,dd2ae2a8-ce91-4623-9d1c-81d340aa0c8e
Jones,Jennifer,1958-01-22,167392e0-6701-4467-b7ae-fed3bf337e83
Jones,Jennifer,1967-06-20,d1eb6e80-74a2-46ad-9bbe-b335fb40a30e
Jones,Jennifer,1968-11-23,7a66886a-af45-470c-8de6-0c4f6654d091
Jones,Jennifer,1976-10-23,f77a0946-0673-4bc9-8a59-b39317749f99
Jones,Jennifer,2013-02-23,533af252-5179-4ac7-b540-3430e69d0340
Jones,Jessica,1943-04-16,26672dcb-d2de-4231-b564-442760c5d276
Jones,Jessica,1959-08-26,e2e16317-779d-4b9f-97b6-2e74e2940f9d
Jones,Jessica,1989-07-12,baddc73f-4c19-4e4e-ab8a-728d13be2efd
Jones,Jessica,1993-11-25,0a63e009-5303-43d0-9a81-7a71e5fb6c7e
Jones,Jessica,2005-10-24,1d141f8b-fc91-4922-86cc-ef74f66cf75d
Jones,Jessica,2013-10-04,481fc9a3-a4d8-4bb1-a7bc-c15b0660b36a
Jones,Jessica,2018-01-16,bdb33a43-0f93-4722-8c39-76f07d324c01
Jones,Jose,1926-07-13,7b4a2045-ec90-424b-b49f-42e5f015723f
Jones,Jose,1963-02-05,ae1d43d9-08e3-4a0c-90bf-7aadb22fccb1
Jones,Jose,1973-10-03,983e8236-e7ea-40a0-8dba-7df120532200
Jones,Jose,1979-03-22,3b12aa94-6d9d-4cf3-8199-807e512d15b4
Jones,Jose,2015-03-10,6b277dad-7602-47e9-8edb-82aaf7a42b9f
Jones,Kathleen,1943-06-29,603073e1-7dfb-4cce-88d0-a827e890b1ab
Jones,Kathleen,1970-01-22,0829723c-d1c4-4b5e-8aba-a36647bfe8aa
Jones,Kathleen,1971-09-09,c1fb146c-4aee-4336-bb50-02d2c3acdccb
Jones,Kathleen,1980-04-04,2218d6f6-7cd5-487f-8a24-5ec50177d35a
Jones,Kathleen,1989-04-02,63a528cb-1e3a-4353-a416-d5ec89e986fb
Jones,Kathleen,1996-11-18,ed071d2f-9357-4bce-9a92-17a441e454b7
Jones,Marcel,1964-03-05,7d2952ce-517e-4e58-a3f0-df7041ce0e26
Jones,Marcel,2002-08-13,af98be10-7de7-43a7-9c99-7bd40bb1922a
Jones,Maria,1930-11-16,d1f14218-a7aa-401e-a5bd-7faf240c07f5
Jones,Maria,1947-07-06,8d1fe1f6-b8e2-40ff-8e29-44d1f91aa175
Jones,Maria,1951-03-29,ca5cdcf0-cb9b-4383-b697-87cea7657e27
Jones,Maria,1967-01-17,24054b0c-2ac0-4841-96b6-afb4ea684f7e
Jones,Maria,2002-06-17,2d286205-daa2-4a09-ad2d-5a2f9fd7399a
Jones,Maria,2018-06-21,7cb4b0fb-c151-4fb0-992e-79a1b90999c3
Jones,Ming,1931-09-24,27920f0f-08f1-464f-bc83-bd93d4dc6379
Jones,Ming,1941-03-03,cde67852-270c-4cc7-8915-066b6d72c785
Jones,Ming,1989-06-26,e7f628a9-cdf2-419d-8604-a0b9a519bc13
Jones,Ming,2003-11-14,4ebda799-3010-46fe-a5b7-2ae5d7e2c35c
Jones,Robert,1968-10-10,902d8da1-de76-4be6-b2c1-2869a0ed5aa1
Jones,Robert,1986-10-13,8f0bceb8-6a55-47a3-9609-4d915a6b892b
Jones,Robert,2017-05-10,5aad3ef6-f263-4fc1-bbe9-75dce2d55067
Jones,Tomas,1936-09-11,06e2ba7c-d886-4471-9904-2880d831680e
Jones,Tomas,1943-03-28,20c53df0-af11-43eb-aaf7-f9b25f0e435c
Jones,Walter,1981-03-04,4afdd897-b3a0-454a-a27b-3ed83a179dca
Jones,Walter,2022-07-08,4bc3aa57-9161-4e93-9bce-12dfee30014f
Lee,Barbara,1961-11-26,ccd78c43-86d0-4383-88d2-9891ccc609b2
Lee,Barbara,1983-05-08,a8edcb63-de0d-4f2e-a083-839b89656385
Lee,Barbara,1989-01-12,b9125faf-65ad-4aea-a99c-ef9c50a597dd
Lee,Barbara,1999-04-21,20b7ca04-3a70-4061-b802-2974f1a2adf4
Lee,Barbara,2003-09-18,eea099ee-c8b1-4b6d-b9ef-f86c461de2d1
Lee,Diego,1942-11-15,67ed19a8-e3d8-45a5-b460-b8026fde3032
Lee,Diego,1969-04-25,60adbf52-5a94-4a72-b77b-95aca730ebea
Lee,Diego,1977-10-06,90fd8587-c3c5-42fa-ba31-f92a3e87bf6f
Lee,Diego,1987-07-13,27e4b7b7-05b5-4173-9ca7-d08d170dc61c
Lee,Diego,1996-03-29,6cd09910-0e47-4f05-8ed0-0fb59bf26753
Lee,Diego,2001-01-03,5e480f5e-747e-4437-8535-bf1c772c8c34
Lee,Federico,1928-01-28,05b83ffd-2253-4a05-b709-4543026cdd85
Lee,Federico,1932-01-06,0726335f-b026-4bf9-ba68-4b22c34afc67
Lee,Federico,1935-10-25,9cd03133-1857-464c-8f7e-ba72c5afb36e
Lee,Federico,1950-03-27,35c13cfa-3569-489b-9c8b-23721730b41b
Lee,Federico,1975-05-30,7302fe08-6b9c-415b-8590-f92c1cf051fd
Lee,Jacqueline,1959-03-20,13201cac-4c2e-40fb-b242-13adf63c97c9
Lee,Jacqueline,1996-05-07,9441ffce-2f87-439f-b377-ed485b433a8f
Lee,Jacqueline,2015-02-20,93bbf1f7-7638-4618-b36f-c65a72f134ea
Lee,James,1940-11-08,1f9afbe2-6d40-41d5-98dc-910ed9203178
Lee,James,1954-09-13,e7045d5a-059a-4002-b5ce-e0c48db82a69
Lee,James,1974-01-18,c5da1179-2663-49cc-96ac-7b487d08f0f1
Lee,James,1983-08-18,51a7caea-c532-464e-b2d1-25402ccf70a4
Lee,James,1986-06-02,05b00351-5d86-4155-906d-76e5b56ce4d0
Lee,James,2004-06-13,96c0af3d-d2f8-4b9a-b952-1179e590ecc9
Lee,Jennifer,1946-11-11,4421ed10-2f8f-47c0-837f-8b5a92a0432d
Lee,Jennifer,1980-03-23,d9b25db0-5e4d-4281-83ff-122808c7f8a0
Lee,Jennifer,2012-02-16,41f2ab1e-5c4f-4997-a785-f77a428b5fc2
Lee,Jessica,1943-08-17,06f0c226-7d27-452e-8e6a-396e997b532a
Lee,Jessica,1980-10-28,c0ae4842-5152-4030-8926-abd64f6f160c
Lee,Jose,1926-04-01,29dc0a1c-848e-4931-a4f6-edcf7eaaaa4d
Lee,Jose,1933-10-28,afdbcacb-ed01-45b7-83aa-2acbdb9744bf
Lee,Jose,1944-08-26,1a53b5e1-d714-4c33-a003-18a86e4b6a60
Lee,Jose,1950-06-04,43611b09-7615-4cfb-a6cf-f571b0a80f2a
Lee,Jose,1975-11-26,f1c250a1-528e-4132-9da6-70855e3865b3
Lee,Jose,1993-03-11,e4fc15e3-2e92-4b38-9ba0-be8e5cc8baa1
Lee,Jose,1999-11-10,e27fe9f6-422d-4ea0-a50c-1c61620ad713
Lee,Kathleen,2000-08-26,07c0eed8-121a-4226-9ea7-570366c9074f
Lee,Kathleen,2002-05-16,4ef91a69-de47-4fd3-84ed-8aa5463f0aff
Lee,Kathleen,2012-06-11,6c1279a3-1d62-4f4c-96b0-eebf3e2c44c1
Lee,Marcel,1959-08-07,bcd13451-93cd-40ed-8ebf-f9c1764353e3
Lee,Marcel,1978-08-12,2c1b404b-5e46-4033-97e5-924c48bc3b97
Lee,Marcel,1994-06-24,854c02a2-c085-4295-8137-1a58b826d6b6
Lee,Marcel,2014-05-06,1f6994d5-6174-4ed1-a5fd-e477851ba2fb
Lee,Marcel,2020-04-04,9c2920cd-f9aa-4674-af15-82ca502b8034
Lee,Maria,2017-02-10,ef83857a-78be-48a4-ba10-8dcb2841aaad
Lee,Maria,2018-10-13,3301c52f-2086-413e-a7a7-ba22a057b289
Lee,Ming,1944-02-06,51d98c93-1f1f-458f-ab3d-af67f27e4fe0
Lee,Ming,1995-08-28,6a93f054-9fee-46f3-b4b3-413689665b83
Lee,Ming,2016-01-26,3ec144e0-083f-49e7-a495-5c68f0a894a4
Lee,Ming,2017-02-09,8b8dded6-fd3c-4bf8-8cfd-9546b50571f5
Lee,Robert,1958-07-05,29439533-b1ba-4220-8237-f16e4899a0d0
Lee,Robert,1967-10-07,9ed340b7-df46-4823-816d-ed95e84254c4
Lee,Robert,1980-04-23,c3b691e8-afd1-4d49-98b6-ac9ac428c885
Lee,Robert,1983-08-19,a74bf5d7-e926-4794-8aae-a816250c4a1f
Lee,Robert,1986-02-21,830849d3-53ce-47b5-aa22-c84cacea9023
Lee,Robert,1993-11-17,30bdbf6b-737c-4396-bece-80a513ef2725
Lee,Tomas,1929-02-27,1e424995-2cda-4778-8e9c-6753b0e5becc
Lee,Tomas,1978-01-01,d8af4d06-4b70-44f5-be88-31a30d9adabd
Lee,Tomas,1982-04-19,fe4243aa-b41e-49f4-99ea-8e98735dd317
Lee,Tomas,2005-01-03,10f10c5d-42f8-4e09-91d8-d8b313bb142f
Lee,Tomas,2011-04-18,306168ec-d838-498d-9f0d-0e978fa1064a
Lee,Tomas,2013-06-17,40b4fa5e-230d-49b6-9c8d-9770a9d2e84e
Lee,Walter,1944-03-19,cd73c9cd-63e1-4400-b455-2d9d3d34efb4
Lee,Walter,1983-11-19,548426f6-8fa1-4c7b-b91c-436a7970fe21
Lee,Walter,1988-11-09,7a06a60a-f0de-453c-8ad1-cad0cb48f46b
Lee,Walter,2011-02-14,801c2724-6190-4bed-ae6b-8ce14f34d2e9
Rodriguez,Barbara,1946-04-03,14348624-2ca9-49ab-bfc1-7f716c29baa8
Rodriguez,Barbara,1959-02-20,dc0dd52d-4b7e-4ea0-82e7-f9e60964b97b
Rodriguez,Barbara,1969-01-04,3e038c9f-1e30-4239-a313-edc2ade6ed49
Rodriguez,Barbara,1969-07-27,ce18c9f2-205c-4763-bc38-f4a70480b621
Rodriguez,Barbara,1992-09-18,1c4d2f41-89d4-4100-acea-ea51048da84a
Rodriguez,Diego,1934-06-18,b7014abb-df1d-4666-839d-bc46671da684
Rodriguez,Diego,1935-11-12,fa0bcf61-d0d6-4073-bd3d-e92950585095
Rodriguez,Diego,1965-02-16,310e50ba-1433-47f2-a55a-63389b850838
Rodriguez,Diego,1976-04-12,22c1bbff-6673-411c-8b8a-160a916d4124
Rodriguez,Diego,1993-05-10,62ec96a2-69d2-4299-9e23-6b4fea911b28
Rodriguez,Federico,1939-02-11,b192cec6-b326-4dc7-be7b-e7b602211616
Rodriguez,Federico,1950-09-04,95e5e349-6889-42f8-85e3-2f5e602b6ed6
Rodriguez,Federico,1955-02-19,4e39d8e9-a6fe-432f-81c7-93b9b47dc0fe
Rodriguez,Federico,1970-09-19,51baf018-987b-4cbc-aa99-4b572987585f
Rodriguez,Federico,1981-08-15,313de4f8-cbca-4b10-8665-2ce5f5abc1c1
Rodriguez,Jacqueline,1933-02-12,ec012377-99bc-432e-882c-7e0fcbb3a5bc
Rodriguez,Jacqueline,1943-02-18,7636b0d6-fdba-4ee4-a015-097cecbaff9b
Rodriguez,Jacqueline,1952-05-05,ba16fbab-6eaa-4662-a1a6-d771c7a9233c
Rodriguez,Jacqueline,1986-09-16,0a8f45b1-3152-4f90-9818-57a27ded9f7d
Rodriguez,Jacqueline,2017-03-10,755e2ad3-9f07-4e63-8773-85d619b6c3b7
Rodriguez,James,1946-09-25,8049f01c-f38d-4159-a6f4-e0541d9c546b
Rodriguez,James,1968-11-14,999837af-2a23-4ae7-bd20-85df01744c0d
Rodriguez,James,1975-02-21,cdd68235-32ed-44dc-8aa1-9b7141219bf5
Rodriguez,James,1987-07-10,8f01432f-eb26-4417-8176-e1588fb2dfa0
Rodriguez,James,1989-05-07,449f6e6e-0f3c-4643-9ded-a12f63c4a34d
Rodriguez,James,1992-03-17,b917bc26-3d0f-4509-8bbc-05f7dcc0e5d7
Rodriguez,James,2001-06-14,f816f269-3932-4a56-be86-cd58e507a61f
Rodriguez,James,2014-03-14,e1850d68-fa7b-4e95-891a-2fda9674e264
Rodriguez,Jennifer,1929-01-17,aae5abcb-e39a-458a-a483-12bdf121dbc4
Rodriguez,Jennifer,1955-05-13,d466d1b1-95c7-4554-8fad-e4facbe9261f
Rodriguez,Jennifer,1956-07-29,823046f0-41c7-444a-8d74-bb72a4b0be83
Rodriguez,Jennifer,1982-11-21,de29d6ad-c1b0-4e80-807b-38a1665626d6
Rodriguez,Jennifer,2023-09-25,ade5d286-52cc-426b-a700-9bf8501df3a9
Rodriguez,Jessica,1924-09-18,f3487eca-3ab4-454d-bee6-c5e4b0bacb20
Rodriguez,Jessica,1938-09-15,569d3bb2-a743-46c7-a01a-59741dc731b7
Rodriguez,Jessica,1990-08-29,2ad0805f-610b-46bc-bea7-14f43207be10
Rodriguez,Jessica,1999-04-03,2f699af0-56b0-4cd7-8cd8-5c2f3e0bd03d
Rodriguez,Jose,1933-09-06,4b33dd23-1000-4357-8edb-1a066c917354
Rodriguez,Jose,1935-03-19,06559162-29fc-4753-bbeb-55308bdde0d9
Rodriguez,Jose,1935-08-06,dc2feb39-9f91-4945-aaa3-2ccf88995c68
Rodriguez,Jose,1955-05-10,7b31c2b3-111a-49b1-b8e1-cfe4536f1d2f
Rodriguez,Jose,1996-10-11,b85d9cfb-6f0f-4329-b396-4490c2da63e8
Rodriguez,Kathleen,1957-07-25,1e459fd1-ad44-418d-9a6f-2a934cb3c814
Rodriguez,Kathleen,1992-10-21,58d8a8db-16de-472c-8c64-5138b70cf403
Rodriguez,Kathleen,2022-05-28,4825608b-7481-4baf-8e85-d0c06b0fbd5d
Rodriguez,Marcel,1932-11-01,ab4480b0-5bcf-4c2e-9199-b923bb2a694b
Rodriguez,Marcel,1962-11-23,194f55cf-fb3a-4343-af69-92837ae7e6e5
Rodriguez,Marcel,2007-02-07,4f425e40-a9e5-471f-9c9c-348fcf7a3df9
Rodriguez,Marcel,2019-07-08,4f0cd535-def7-4543-af47-e5d07918c273
Rodriguez,Maria,1947-09-05,32c6e486-514b-4c7e-bff1-11fbff7c0a96
Rodriguez,Maria,2023-10-12,8d13b883-0f99-4061-87e6-0c43bcfbad30
Rodriguez,Ming,1924-04-15,b787f43a-d5cf-4852-b28b-1f25a8a2eb64
Rodriguez,Ming,1939-04-10,17f4e462-d07c-42f1-9834-bf515404845c
Rodriguez,Ming,1945-06-21,5dfb91be-25f1-47be-8b73-4a6bb72ba952
Rodriguez,Ming,1956-05-06,545251bd-392b-4b95-96c4-4ae202f9f57f
Rodriguez,Ming,1971-01-27,63478a9f-80e5-4371-a1b1-83e184159cd4
Rodriguez,Ming,1972-10-12,2f2b62e8-f962-4617-8bb0-d825272d6480
Rodriguez,Ming,1991-11-12,a3dbc5bf-5fe6-4d29-b571-7ea043f9f885
Rodriguez,Ming,1996-06-19,29e379df-d5c6-4cc3-9707-ee02b6b9a2bc
Rodriguez,Robert,1924-10-11,eae6f207-a032-4e0e-925b-47e92e85e94c
Rodriguez,Robert,1940-11-26,48189ced-678a-4e71-a5df-269fd68edaea
Rodriguez,Robert,1976-02-07,61788178-037a-48f8-898f-bb2d65f602b4
Rodriguez,Robert,1981-05-11,0d20c193-e553-4dc4-9b66-02afe06a0bec
Rodriguez,Robert,2000-01-12,e23a9a01-7891-462f-8265-772b9a9d4750
Rodriguez,Robert,2009-10-02,b83e80da-9dbb-4844-9c0e-41be5f667ded
Rodriguez,Tomas,1936-05-19,a013c864-de47-4237-b012-df0230cda454
Rodriguez,Tomas,1948-10-04,56af0d22-0474-4f34-94cd-3bdd302c6150
Rodriguez,Tomas,1969-11-07,f6b5f92d-edd4-4f4e-b763-ca23df4048f5
Rodriguez,Tomas,1982-10-09,176b3271-2897-4192-b205-5e349cd7b2e9
Rodriguez,Tomas,1990-05-03,946cd419-449b-41b8-9a80-438be64859a3
Rodriguez,Tomas,1993-03-20,61e47466-61f3-4fa9-849b-24b91bb4ad3d
Rodriguez,Tomas,2007-02-13,10ad05f8-346e-437d-802d-029fe2b5ffee
Rodriguez,Walter,1937-11-12,9f5589c1-2114-4503-ac3a-92f4504215cb
Rodriguez,Walter,1958-02-19,1db0ec15-50b8-49de-85d3-c3d3793c2511
Rodriguez,Walter,1961-03-17,dfca5108-fa89-48fe-af7b-834f3bb4f5d9
Rodriguez,Walter,1969-10-09,0ed7f753-8b80-437e-bf42-276e6bc40667
Rodriguez,Walter,2014-10-09,03a1261d-6110-4cc4-bc84-1409a690effb
Schmidt,Barbara,1951-08-26,a212f701-0537-4c79-897c-5242a3128007
Schmidt,Barbara,1965-09-07,29d9b117-ddf9-4658-8675-b0b229951c37
Schmidt,Barbara,1979-03-29,d30bbd5f-5751-46e6-8a90-1bc48353b1fe
Schmidt,Barbara,1989-02-03,863a1207-43f4-4622-825a-65ae03f5059e
Schmidt,Diego,1927-08-08,6909ddbd-66a4-47ca-84d8-3fe1f89628a4
Schmidt,Diego,1935-11-24,8813f57d-3e89-4e39-b684-948d81fb860d
Schmidt,Diego,1942-01-11,e6bc9dbe-530a-447a-8720-56ade6eac6b3
Schmidt,Diego,1969-09-10,542d2405-6591-4604-9a48-d65d84b3b95e
Schmidt,Diego,1976-11-13,003e5a27-7ca1-47c4-aee8-1092c9ed904d
Schmidt,Diego,1988-09-19,4d50f928-4fd2-4e9c-aa17-2532f9315bb1
Schmidt,Diego,2004-10-19,9595b00a-dfea-4929-ba83-0e3af011bedf
Schmidt,Diego,2005-01-18,1aa0cbea-d644-4ae4-af73-266262ba8d31
Schmidt,Diego,2011-08-28,ef35e28c-bdf3-42cf-997b-7f71d4175e7e
Schmidt,Diego,2018-02-10,36024e88-f9f8-4882-aa35-85e3c6c0edff
Schmidt,Diego,2023-06-08,1fc72b8c-2c3a-4aea-9e5e-3dff36da7252
Schmidt,Federico,1931-04-10,cf2bcfbe-76bb-4375-8d3a-dba4315563d5
Schmidt,Federico,1933-04-27,7129a233-692e-4a40-8f11-051153db84f4
Schmidt,Federico,1949-04-07,8a40817c-4600-4b27-a9e7-f219660dae4f
Schmidt,Federico,1986-03-10,d5d3c31d-7e2a-4718-9485-4b38c6e646e9
Schmidt,Federico,2008-01-14,08dbb867-9eaf-4f59-9801-38b832fae057
Schmidt,Jacqueline,1969-03-28,75e3c717-9fb0-4cbc-94d2-9161b86a8a86
Schmidt,Jacqueline,1975-06-15,04fc73a4-7dcf-40bb-8353-43fc80d01d5b
Schmidt,Jacqueline,1975-09-06,06544436-c632-41b3-9231-5e6acdcd9c6f
Schmidt,Jacqueline,2005-10-10,546b4233-d98d-490d-9af6-3c3e8f1a4f20
Schmidt,James,1951-06-16,fec284b4-4f83-4f4e-ac67-210d44483c75
Schmidt,James,1961-07-22,b65ff905-6783-4f0d-9883-6a77e1c96a27
Schmidt,James,1995-11-15,0e78e5e8-2815-422a-ab23-0ab84f217e5c
Schmidt,James,2006-06-03,14d66b40-eaf4-47e7-9bcf-3687f474049b
Schmidt,James,2017-11-29,561cd84c-fcea-401d-8bb3-68d52c28140c
Schmidt,Jennifer,1933-02-11,671d1005-b024-4415-91fe-3f49bfe5a202
Schmidt,Jennifer,1935-06-14,de951c16-3bbe-4409-8e05-2db5b91989a4
Schmidt,Jennifer,1959-08-19,bf91edc2-b426-4665-a346-44c52dcc1d6f
Schmidt,Jennifer,1992-11-17,e8252c4c-014a-4f2b-bb91-0eb32590f76d
Schmidt,Jennifer,2001-10-05,e078b68c-a846-43a8-acba-0328d389b519
Schmidt,Jessica,1938-01-12,44f5cb60-11f1-49e9-8930-3c6b69b04f1c
Schmidt,Jessica,1957-03-25,d7cb6909-604c-4408-a76c-7743698ca79c
Schmidt,Jessica,1974-02-10,98497379-0ffa-44be-a59e-a7a6e456c2b1
Schmidt,Jessica,1995-05-10,d7349114-c461-417d-90ee-7701853642dd
Schmidt,Jessica,2021-02-02,3e8f5abf-b1b4-46bd-a813-ac03d8f88fb1
Schmidt,Jose,1934-04-04,c39c3d34-d3a4-4421-9a9a-c3c1fda30e4f
Schmidt,Jose,1983-05-15,0fdecb5c-23c6-4773-b9aa-635e8d482b7e
Schmidt,Jose,1989-11-14,3632d32c-c03f-45ac-8efd-c4f59fc7d078
Schmidt,Jose,2001-05-01,dd2e9c54-5587-418e-8f64-183c82e4be2e
Schmidt,Kathleen,1924-10-19,fc20b4bc-7831-4540-a79a-cf96e196c237
Schmidt,Kathleen,1958-11-04,af3b4699-60b7-42af-8b59-3543ec2922f9
Schmidt,Kathleen,1960-09-21,93297c68-7fb2-458e-ac8d-e2aaa1d33c52
Schmidt,Kathleen,1994-02-13,0148e794-6ad7-4554-a687-8be94c81b847
Schmidt,Kathleen,2018-11-14,a7b87c28-58dd-4192-acec-c9df93c9f82b
Schmidt,Kathleen,2019-04-24,9fcfdfae-f158-40d3-b40c-10418ae32923
Schmidt,Marcel,1943-06-12,6839e20a-c2ef-4a74-b66a-a94049431982
Schmidt,Maria,1926-06-20,0085486f-b46a-461d-8e8c-9867b0a56f4d
Schmidt,Maria,1934-01-17,be298bb3-078d-4c3c-82df-74f21bbf57a7
Schmidt,Maria,1979-08-23,7d7d1c94-774d-43d8-bfc6-c14ef65cd453
Schmidt,Maria,1980-02-22,5626cca1-1186-42e9-b297-7f7407202ec1
Schmidt,Maria,1985-10-09,91f03f67-b2bc-4ed3-83f8-5cf6258f9564
Schmidt,Maria,1992-06-17,df4b0573-fbba-41ca-82b0-4014aa34c141
Schmidt,Maria,2022-08-07,23f2d827-e4c5-4af8-887f-7cec6e088b75
Schmidt,Ming,1926-04-29,a4c4e505-e475-4f56-808f-414632b25e95
Schmidt,Ming,1929-03-09,95f15e00-3836-45cc-a128-020356972ad1
Schmidt,Ming,1944-07-22,5caca3da-29c1-44ba-b9f3-3052295da66c
Schmidt,Ming,1946-02-01,535584ce-141a-41f9-b58c-a2b968e86114
Schmidt,Ming,1954-08-14,13d1820b-c7bd-4e14-9023-b10edf6259c4
Schmidt,Ming,1971-04-08,5fd32474-21d7-46ca-b7fd-c42bd7ac2e84
Schmidt,Ming,1975-08-20,74c1f5ff-b16f-40fa-9fc5-594ab0ad1478
Schmidt,Ming,1992-03-17,b29291ba-4b2a-4357-8383-42d8ef50c1e1
Schmidt,Tomas,1932-03-16,56e51630-da30-46b6-b643-51b32aea078c
Schmidt,Tomas,1943-05-27,674d27ae-fea6-447f-a99c-9f46bc6d9d56
Schmidt,Tomas,1950-02-04,165ca412-1abf-4573-b4c2-df374c30c86b
Schmidt,Walter,1940-11-28,c2d8de0e-aef3-47bf-b52a-553f4a6197e0
Schmidt,Walter,1961-04-04,73cc2760-1196-4867-9186-eb2634eb65bf
Schmidt,Walter,1971-10-06,356631eb-8717-4346-b1b2-4830fc17d1b7
Schmidt,Walter,1988-06-29,41615e93-f688-47b2-9126-96456c33b577
Schmidt,Walter,1993-05-14,f7bef337-3670-41e8-89cb-3815b6ff6ef3
Schmidt,Walter,1993-06-22,7032fe9e-08ca-4729-9712-539adaf3e1cd
Schmidt,Walter,2004-02-05,7e177926-5a1d-439b-b3d7-cd5d45aebadd
Schmidt,Walter,2004-07-28,aab74be9-23d9-4195-99d8-03471f85bd48
Smith,Barbara,1962-01-03,7236c72f-9f64-4365-b3e6-397dfb9c8027
Smith,Barbara,1988-06-10,b8ccb335-7f51-48c6-9415-11fb3c22fcbe
Smith,Barbara,1995-05-22,317a9453-32ff-40ab-bcbb-f3efbdb3f31e
Smith,Barbara,2019-07-23,6f1cbd95-95bc-4e09-a74c-2c84a9cf1b8b
Smith,Diego,1981-10-04,77f7d4ab-4c87-45a1-bd6b-ee1f635102ba
Smith,Diego,1982-04-19,1605957f-4839-4080-9a0a-98dc4c7c2107
Smith,Diego,1995-02-02,43ac6488-9485-4a9e-acf1-847044eac197
Smith,Diego,2010-05-21,a31d0079-b1e8-483d-8c71-408e6d12d27c
Smith,Diego,2020-03-22,a3079df9-7592-4a9b-be12-41c888e8e510
Smith,Federico,1924-06-21,3a89b023-9cba-4439-8690-6a0a5aaabfa6
Smith,Jacqueline,1961-04-01,36144040-8259-4b9c-8ca6-f18ce2e01bcd
Smith,Jacqueline,1984-08-26,9117fb3c-172c-469b-994c-82d094fc8787
Smith,Jacqueline,2002-10-29,82e124b2-71f1-4719-93bd-5fde0437b9e8
Smith,Jacqueline,2020-08-16,08c6a29f-f173-448a-a338-e400ac4ea8fc
Smith,James,1941-02-04,46160f18-7dec-4042-a646-d6fc2fd3bee2
Smith,James,1978-04-24,93916af1-0e4f-463a-8022-9631dacd6438
Smith,Jennifer,1936-03-11,4c9a0559-cd99-4c97-9982-e9c592cea652
Smith,Jennifer,1969-04-16,652fbdf4-f744-449d-9f2e-1c51dc18fca2
Smith,Jennifer,2019-02-27,0d951726-d06f-410d-a9b2-570b628fae27
Smith,Jessica,1967-01-30,371872b0-685b-46c5-8524-f6ab2d691445
Smith,Jessica,2003-03-26,1b963239-933e-4657-a93a-c4f1e6895cab
Smith,Jessica,2021-06-15,e70c1269-7817-4648-b475-c97a25ff3faa
Smith,Jose,1937-03-11,85db9d38-4f2e-47fa-a6dd-34020c06b5f0
Smith,Jose,1970-04-02,0e702333-a33f-4682-8ebf-6de4508427d1
Smith,Jose,1972-04-10,d03d5a57-00f4-4a4a-a2d5-ab994d89d7a4
Smith,Jose,1985-03-12,f59daf1e-0a72-456e-92cd-4706e544e888
Smith,Jose,2004-01-19,295c6af7-f473-4f49-9675-9f85442f8541
Smith,Jose,2010-06-26,f0a986f0-971a-4a58-8ac2-937f3c8a08c4
Smith,Kathleen,1927-08-06,5ad0992a-2001-45cb-9157-67dfcfc0591e
Smith,Kathleen,1977-03-24,11ca0740-5d76-458a-996e-6a721ad3482d
Smith,Kathleen,1978-07-12,95232a6b-b102-4ff3-a428-99a66d87483e
Smith,Kathleen,2008-08-22,aad9f07f-347d-49b4-a58e-b4f4c020e8bf
Smith,Marcel,1930-04-20,4280beb8-6611-4278-97d4-7d4cc6859bdc
Smith,Marcel,1936-06-20,837b2a23-c040-45e0-bc58-708e9389aa0b
Smith,Marcel,1947-03-05,2e33d264-63f5-4fa6-829e-f89f3c9afbf7
Smith,Marcel,1955-11-13,bb52a3a2-e542-4997-bfb6-660cfb30949f
Smith,Marcel,1981-09-26,fe98c269-5650-47c2-8114-26cfca195a87
Smith,Marcel,1996-07-04,9d89090e-ceba-4aab-86d5-df329dfe3b95
Smith,Maria,1953-06-16,21839fe9-6df9-410d-bd49-398a292afc85
Smith,Maria,2004-08-22,d9b776fc-66ab-4f1f-b4ce-5f29875dadd1
Smith,Ming,1925-06-11,47307811-3af5-4550-96f1-9628c3fd6757
Smith,Ming,1930-08-08,befac1fc-5a37-4359-be0b-d5c2ba3212cd
Smith,Ming,1942-05-05,6e2def13-f281-4c7c-9f7f-d41e14244f6a
Smith,Ming,1964-04-09,5528c823-b8a6-464e-9ff6-864e5db2cc3e
Smith,Ming,2008-01-22,bf059e18-5cea-439f-92a1-aecb11b0fcb0
Smith,Robert,1924-04-04,0a14bc65-44c4-46dd-9287-d1019120a6b5
Smith,Robert,1939-01-19,62045ba5-e68d-4c0f-8288-afda0b78e438
Smith,Robert,1940-02-24,b9d64025-02aa-4db6-bc8e-7a614eae96e7
Smith,Robert,1999-10-21,0fede834-d7ed-467b-9646-a7970fb7fc06
Smith,Robert,2012-01-20,cdbd772c-3cb8-41d6-99cf-9a6c79ef0b85
Smith,Tomas,1936-11-27,f0267f62-4568-41b3-99bc-9d68a67c857f
Smith,Tomas,1961-02-25,d5ce65bb-7b3e-4ad8-8093-b3cc7cf9a920
Smith,Tomas,1972-04-05,c8e9d602-3d3f-4925-bc2b-0790d2d54013
Smith,Tomas,1988-04-26,640554ef-d565-42a3-9af7-9487404bc2b3
Smith,Tomas,1994-03-30,18b1620f-6950-44d6-a0b5-018b4a422602
Smith,Tomas,2008-11-22,1fbf1628-dec9-4ef5-a6c8-4b5105de32e0
Smith,Walter,2019-05-02,0cd83efb-df9e-48e4-a9b6-e2fd9d7e0a6f
Tan,Barbara,1953-09-09,39f2d7a5-fe20-4838-ac46-884c02330910
Tan,Barbara,1974-03-18,9e2e99c7-0e80-40a3-8291-4172a9fffc9c
Tan,Barbara,1975-04-19,df26afdc-1955-4b57-b0a1-520c27d12ce7
Tan,Barbara,1983-06-02,05db7904-a9f6-41fc-ad95-d804422b394a
Tan,Barbara,2007-03-15,afba6fc1-5ad5-41fa-aace-b90295303585
Tan,Barbara,2009-04-12,373fc179-20be-4f2a-a62c-26c34f9c9c8c
Tan,Barbara,2012-01-15,0ea77789-466a-45e3-a5da-dbea62f812cc
Tan,Diego,1970-05-01,ee4673b6-fecd-42bd-9ce5-6321767e384b
Tan,Diego,1985-01-20,b92274d2-ff42-4494-a730-47f29f3730b0
Tan,Diego,2009-10-16,80efb79f-a3ae-4a4b-a310-2fd060f22db6
Tan,Diego,2020-10-06,15fb4123-4e5f-4a64-ae4f-895a26091356
Tan,Federico,1941-05-29,8d955302-64cc-4f7a-b5a1-bae95a272fe7
Tan,Federico,1985-07-30,36dc3d00-8a49-4f94-9e4e-1a01600de688
Tan,Jacqueline,1953-08-03,87ed384b-99ac-4fae-9911-6e59e9ec6fad
Tan,Jacqueline,1962-06-11,25a99ff9-032d-41c0-a156-c7724e5a96f4
Tan,Jacqueline,1974-08-17,895e829e-547b-45fe-94e1-295086c255af
Tan,Jacqueline,1988-11-24,f6f3a30c-1d13-4af5-ac72-9e3a5f34dfc8
Tan,James,1978-10-22,546a711b-60ed-450f-8864-0273252efa5f
Tan,James,1981-05-21,dc8081ad-e040-4f00-b557-c70b5335ad9a
Tan,Jennifer,1932-02-20,67626e1c-1b17-41c8-af36-efc695477c8a
Tan,Jennifer,1933-11-15,466cfa44-28ed-4b96-86e3-b1391cd6e5a2
Tan,Jennifer,1944-01-13,ca3535af-41ce-4a82-80ec-5b24f9c1a0e2
Tan,Jennifer,1974-06-08,be7ab4fe-0dca-4cab-99ca-a31278066afd
Tan,Jennifer,2008-06-17,79c4cf46-b3a7-4033-830e-3c3d6cd168ac
Tan,Jessica,1949-01-19,9bd712d4-6c9d-47e1-a0d6-81c5c5c58dfc
Tan,Jessica,1989-01-25,3c64a9a9-7026-4742-a96a-8b65e2b71d23
Tan,Jessica,2014-08-01,6827f443-8e4b-48b3-a811-81678c040ea6
Tan,Jessica,2016-04-16,12e980d5-6927-4d80-afec-2a7ef0a1f2fa
Tan,Jessica,2016-06-08,1cf616e0-cd51-4fe6-aff8-a32b025d8e1a
Tan,Jose,1932-01-29,7645d065-04eb-4b29-b9c0-b3297db23545
Tan,Jose,1972-04-06,4e71333f-527c-479c-b4bc-7551120f3032
Tan,Jose,1981-03-11,9041ee40-b4f7-4926-8735-632442f4c25f
Tan,Jose,1981-10-07,87176a0e-a938-422e-b467-32c3890cb748
Tan,Jose,1989-10-08,ce7b9548-8b6d-4a77-bb6e-04ebbb929ce9
Tan,Jose,2010-07-30,b82a8aa3-eab6-4a7c-88cd-a6348311a959
Tan,Kathleen,1926-06-04,750c6735-2e35-4314-a17b-2ed7afdcf095
Tan,Kathleen,1957-05-15,6c3aafd2-20f1-41ae-b907-1e35dc3f1dc0
Tan,Kathleen,1981-09-15,6b517830-22e9-45ae-a69e-acb8ac1f5b03
Tan,Kathleen,2011-11-28,0ee9c19a-94ae-43bc-a616-159bbdf25c9e
Tan,Marcel,1931-04-05,8009d288-bc4f-43ba-964a-57ecfb1d5ab8
Tan,Marcel,1963-03-22,c21aa5b7-2812-4d20-89cc-b202ee859a0c
Tan,Marcel,1969-04-26,caaea2eb-7eb5-4bd2-aa79-999d05322673
Tan,Maria,1934-06-09,8f47b7f8-b340-4809-9753-fc5c75c9d397
Tan,Maria,1946-08-25,dfae6b72-72b9-49a4-b50e-d880b15e8a6b
Tan,Maria,1946-11-11,4ca816ca-d579-43ae-819c-b711825fbce3
Tan,Maria,1947-08-07,e8a1c618-a0e4-4e60-ac8e-8f4b7635b4d9
Tan,Maria,1960-07-27,da844b16-2a56-47d1-b4fe-9034dbb7f1d5
Tan,Maria,1981-02-27,59a5e168-6606-4091-95f2-0123f5154b13
Tan,Maria,1990-11-05,a514f527-38e8-46ba-8bf1-4d057a760537
Tan,Maria,2001-07-24,8501a73a-006f-4a4b-9989-64ba228c187e
Tan,Ming,1924-05-24,5c9e745b-34e3-49ef-aec2-ac989afdbe83
Tan,Ming,1962-10-11,dc79f774-afac-4174-a913-215fe4440bf9
Tan,Ming,1978-02-08,53d420d3-fa0b-433b-800d-14c83cae4811
Tan,Ming,1979-05-01,5a282220-e066-44e5-b331-c9910b310e9e
Tan,Ming,1995-02-12,54f1a080-727c-421c-b033-138e4d1566c8
Tan,Ming,1997-01-30,d405448c-b616-4b90-a56c-8c618440e5fe
Tan,Ming,2018-10-06,e0fc6bbb-7ad1-4ba0-a2fc-9f502aae0744
Tan,Ming,2019-11-20,b5159e2d-6621-4380-932f-c96ebb7921f4
Tan,Ming,2021-01-25,747898f6-a9fd-4931-a00b-1c0e6e4656e4
Tan,Robert,1964-04-12,8ad02e49-093c-49f9-bedc-dff6e511b98d
Tan,Robert,1967-05-30,b15b146e-ccfd-403a-9141-a39bf65d1f4b
Tan,Robert,1977-03-15,f5799061-949c-465c-a7e7-e84f6c5ad0b1
Tan,Robert,2001-08-24,2cabba48-d52c-49bf-ada6-7342a81d4787
Tan,Robert,2002-11-19,1e288b9c-a95d-4ec3-bde9-74ff1b7b9c53
Tan,Tomas,1944-11-11,64173ab2-a5f4-4748-a695-20e1f7a6d11a
Tan,Tomas,2020-04-20,f4858237-e228-407d-956b-7f9985df6808
Tan,Walter,1952-11-05,6d1497da-0a80-46c2-9837-bdac71056bf9
Tan,Walter,1963-11-04,b4ad883a-e937-42b9-a84b-acc5e146422c
Tan,Walter,1968-07-13,4af61279-3f63-40ca-a8d5-7adc44364e09
Tan,Walter,1985-06-14,245dc2b6-60ad-4213-807c-d37c75c5817f
Yang,Barbara,1925-10-21,657b6b97-402e-4443-92b2-351ebe074765
Yang,Barbara,1946-05-09,6bebe505-fcfe-4f0a-bba8-600688a09247
Yang,Barbara,1976-07-16,bffa89d9-9ebd-41de-a8da-cefc991912d9
Yang,Barbara,1979-05-26,f7e32aa9-0391-4a1f-98f4-16f2d3f9d405
Yang,Barbara,1994-09-25,e56e75b0-494a-455e-a164-a91cf82f6eb8
Yang,Barbara,2000-09-28,db679569-37c3-4bd4-914c-4319e0ea972a
Yang,Diego,1938-05-20,be8c5eda-427a-4eeb-a996-02ed2084e3ec
Yang,Diego,1946-02-13,8e3d90c9-54c0-4ee8-bb94-d29d59cf774f
Yang,Diego,1946-07-14,ce4cd6bc-6ee0-46c3-aa22-bccb9241be26
Yang,Diego,1970-10-15,269d46ab-be06-4d04-bd23-a649485c8ce2
Yang,Diego,2019-03-27,5b8c92c8-5fc5-4106-bd34-f34322d9d006
Yang,Federico,1942-05-02,e8cd5d56-c491-4277-8337-32a8677e1d82
Yang,Federico,1962-03-10,2a7d1e76-9112-4539-863c-b6155d91eed8
Yang,Federico,2014-02-18,d0402a9e-2676-4e8a-9422-555ab4ee0949
Yang,Jacqueline,1939-06-13,041db97d-8b6f-4757-8989-4d6b867cd0ba
Yang,Jacqueline,1951-05-26,1c233822-8c88-47bb-8283-833a25bd8568
Yang,Jacqueline,1957-08-08,5810d8bf-3ed7-49c4-b4bc-5fb55a18cbf5
Yang,Jacqueline,2015-03-02,09aa1a36-0c27-4798-b708-dc66f827d6c1
Yang,Jacqueline,2018-10-30,0ae21206-c86a-4e9b-99e2-2acce62f9f27
Yang,James,1927-11-11,0c878bd6-6fb9-4e39-92be-316e57c085ce
Yang,James,1931-09-14,7e9b949b-f29f-49f0-befe-16ef9aab2a99
Yang,James,1942-11-21,31d4d455-a000-41f5-99a1-15be6a1e0378
Yang,James,1963-03-14,eafd18ad-b000-43d8-8292-442522769133
Yang,James,1973-09-25,94c763f1-10b8-4b20-ab3f-d3d87209cbee
Yang,Jennifer,1981-03-01,40aa0c40-a3e4-4a5b-aeb8-880a61823ac3
Yang,Jennifer,1981-11-13,67738bd9-2c67-48ec-83c7-6df7b2534a6b
Yang,Jessica,1926-05-09,a28143df-bb10-4c97-bcac-4ca5e11a91e3
Yang,Jessica,1929-08-29,f2bd59b1-3940-4f83-b269-ca99ce47d533
Yang,Jessica,1937-01-09,d2b2495c-79ad-491e-a588-0c139493f423
Yang,Jessica,1947-03-09,1d77e5af-f5df-4a50-83bb-f051d4fddf21
Yang,Jessica,1954-06-25,252319bd-591f-4e55-b26a-b052570703b3
Yang,Jessica,1970-04-05,4da705ff-d507-4bdb-8a65-8016ae294b53
Yang,Jessica,1977-05-01,af98d63d-1e5b-4f9d-b30b-d46612aede33
Yang,Jessica,2017-02-20,f15ebc22-8cbf-4175-b1ce-344dc064cf1c
Yang,Jose,1951-07-26,be639706-7157-4508-ba0c-a5ec9c2a84fc
Yang,Jose,1967-07-03,45583bd2-5992-47dd-98a1-57a4358ef788
Yang,Jose,1985-05-10,5b795dea-81c1-446d-90ce-d5b9b8075f0c
Yang,Jose,1991-10-11,56a546e0-db67-474e-9452-ce9194b9b9ef
Yang,Kathleen,1929-02-04,aab01d94-90b3-4b13-b915-381004f10bf3
Yang,Kathleen,1954-03-28,9a03b006-e185-4ae9-b25c-d0fa82c8ba86
Yang,Kathleen,1971-03-22,9e91246c-5b46-4a77-9465-6124eb38ad97
Yang,Kathleen,2008-10-02,fdc76026-4e15-41c4-9c66-3822da901ee1
Yang,Kathleen,2011-04-09,39f16fc5-b625-403f-a827-c965576e5d4f
Yang,Marcel,1947-06-02,8a90032a-58d6-4fe2-915d-c8d280db53cb
Yang,Marcel,1958-06-22,1114cbac-e250-4a98-a892-70d14c1f1829
Yang,Marcel,1972-06-06,85157b79-6db3-4c59-8457-7c1349bb64e8
Yang,Marcel,1979-04-19,909f2542-03f9-4d0d-9cb7-42420a212d79
Yang,Marcel,2014-04-08,c2c8ca1c-37b3-41a6-a5c7-8d92dece2459
Yang,Maria,1932-01-25,ccf85bd2-ef8c-4d23-aa95-349ed422227c
Yang,Maria,1962-07-24,1e64e69c-33b7-40a2-a8be-7fb478e2d99a
Yang,Maria,1988-01-26,454bc706-2a96-4419-ba08-ce23a12184e4
Yang,Ming,1939-03-06,bcca16a8-acea-4e49-873f-42000293f9d6
Yang,Ming,1942-04-21,c43532af-87bc-41d7-adb1-e4efb15114b2
Yang,Ming,1944-02-05,47cbd07f-b4f5-41aa-a3f9-79c14c09fb50
Yang,Ming,1951-03-20,15bc068b-47fe-4b68-8601-6cc540336a19
Yang,Ming,1952-02-17,a0f2a550-eceb-4dad-aec9-177ed90288bf
Yang,Ming,1952-02-17,00027172-1713-48c6-843a-0000074d2d78
Yang,Ming,1978-04-17,c3bc9082-6f7d-4fb1-a7be-1df5b61d651b
Yang,Ming,2014-08-13,6827c065-f29a-474f-8a10-5ae138ab596c
Yang,Robert,1930-06-25,eafd56a4-f1c9-4636-8402-b1f1ee3b28f4
Yang,Robert,1935-03-06,4e153802-9e84-4632-9de9-60d5d3224a20
Yang,Robert,1983-02-09,a0fd0257-7d65-425a-982a-50aa92499104
Yang,Tomas,1926-02-08,43375b40-4c44-4a69-aa6a-65b09807d02f
Yang,Tomas,1930-02-01,6423eaa2-9eac-4a8c-a756-62c645279460
Yang,Tomas,1946-10-30,8428a678-84d5-487d-822f-44c49d7a8b3b
Yang,Tomas,1954-07-02,0d9c9c91-f191-4d7f-b97d-19245f683bae
Yang,Tomas,1988-07-12,2d5c72e7-5511-44e4-80f7-9198372febb1
Yang,Tomas,2017-11-16,5ff564da-803e-42e4-9e44-2cfe270b9081
Yang,Walter,1930-05-01,dacb65d8-0639-454f-a5af-424950314c10
Yang,Walter,1983-08-07,ce8b35be-0666-43da-8157-a5c88a0a4e89
Yang,Walter,2001-05-24,1ae3e493-136e-4667-896c-988cb2279594
