Tan,Maria,1947-08-07,e8a1c618-a0e4-4e60-ac8e-8f4b7635b4d9
Lee,James,1954-09-13,e7045d5a-059a-4002-b5ce-e0c48db82a69
Gomez,Jennifer,1970-09-20,a5c651cd-51c7-4fd1-ae7f-07589751fb02
Rodriguez,Jennifer,2023-09-25,ade5d286-52cc-426b-a700-9bf8501df3a9
Gomez,Tomas,2010-08-06,10aa1c9b-59dd-429c-8b43-84db8506bf42
Rodriguez,Diego,1993-05-10,62ec96a2-69d2-4299-9e23-6b4fea911b28
Smith,Diego,1981-10-04,77f7d4ab-4c87-45a1-bd6b-ee1f635102ba
Carpenter,Barbara,2014-08-06,a27390fb-656d-4176-bd1c-0a7abd4c819b
Yang,Barbara,1994-09-25,e56e75b0-494a-455e-a164-a91cf82f6eb8
Rodriguez,Federico,1939-02-11,b192cec6-b326-4dc7-be7b-e7b602211616
Alvarez,Walter,2015-06-14,c03bc0e4-a021-45f9-9ce6-f9ac3c4c651c
Gomez,Tomas,1930-06-03,98011d9e-34ba-4165-8aa1-36420042393b
Rodriguez,Jacqueline,1952-05-05,ba16fbab-6eaa-4662-a1a6-d771c7a9233c
Garten,Ming,1964-04-02,a9afd58f-68e7-4ee8-981b-7182984a20b4
Rodriguez,Robert,2009-10-02,b83e80da-9dbb-4844-9c0e-41be5f667ded
Garten,Jessica,1960-03-22,eca42515-5ea5-4c4f-b1bd-b870ff1f3c09
Alvarez,Kathleen,1941-06-11,3876b1a4-db46-4ecb-872b-2a72da4429ab
Alvarez,Jessica,1996-03-26,deaf9701-2156-4d15-b130-f4f7d5e0e2e3
Rodriguez,James,1975-02-21,cdd68235-32ed-44dc-8aa1-9b7141219bf5
Smith,Jennifer,2019-02-27,0d951726-d06f-410d-a9b2-570b628fae27
Lee,James,1986-06-02,05b00351-5d86-4155-906d-76e5b56ce4d0
Tan,Diego,1970-05-01,ee4673b6-fecd-42bd-9ce5-6321767e384b
Gomez,Federico,2017-07-05,52af0232-54d8-4567-8e6d-b51ab2039ebd
Alvarez,Ming,1926-01-26,df446429-441f-46ab-a757-593ba4331f58
Rodriguez,Ming,1956-05-06,545251bd-392b-4b95-96c4-4ae202f9f57f
Gomez,Robert,1966-01-18,e795e939-638e-4aec-8c27-7b49e8465066
Gomez,Walter,1933-10-25,553ac0b7-80eb-480c-b889-e1631ae62a87
Hernandez,Kathleen,1927-09-08,a9cb4cf1-0070-45a9-9347-228810357d33
DeAndre,Maria,2012-08-10,b3e64842-11bb-41c1-94d2-b87fbf6f6849
Rodriguez,Barbara,1969-07-27,ce18c9f2-205c-4763-bc38-f4a70480b621
Carpenter,Marcel,1938-09-20,37d514d0-5028-4c0c-96c7-96106e951a8b
Lee,Federico,1928-01-28,05b83ffd-2253-4a05-b709-4543026cdd85
DeAndre,Jacqueline,1984-10-28,a27b24d5-d363-46d3-9839-091aa0339943
Alvarez,Jessica,1994-02-10,9b456f75-9916-4f7d-95a8-6da60b2995e6
Alvarez,Diego,1986-04-11,1a5db29d-e467-408c-b5ac-5e90298d258d
Hernandez,James,1928-10-23,81005b4f-475e-4203-93ed-4ab08551f9d9
Smith,Diego,2010-05-21,a31d0079-b1e8-483d-8c71-408e6d12d27c
Carpenter,Robert,1951-03-03,7e036dc0-8b63-47d7-85b1-3b4f88507b3c
Jones,Federico,1936-06-18,847fa671-1e18-460c-9ae5-71bcb49f303f
Gomez,James,1973-01-10,4cec88ce-e25f-4fd1-9120-a037a9b0e74d
Jones,Jessica,2018-01-16,bdb33a43-0f93-4722-8c39-76f07d324c01
Yang,Jessica,1970-04-05,4da705ff-d507-4bdb-8a65-8016ae294b53
Jones,Diego,2004-07-15,191532a5-8e73-4df7-b991-3c69c1c8d01d
Alvarez,Tomas,1952-10-22,5d2b0fb2-a05d-4867-beec-41b654e78df1
Jones,Barbara,2004-09-09,a7f29368-e675-45e3-b789-a3cb0b52e8f9
Yang,Kathleen,2008-10-02,fdc76026-4e15-41c4-9c66-3822da901ee1
Smith,Ming,1942-05-05,6e2def13-f281-4c7c-9f7f-d41e14244f6a
Tan,Maria,1990-11-05,a514f527-38e8-46ba-8bf1-4d057a760537
Lee,Ming,1944-02-06,51d98c93-1f1f-458f-ab3d-af67f27e4fe0
Lee,Tomas,2005-01-03,10f10c5d-42f8-4e09-91d8-d8b313bb142f
DeAndre,Robert,1967-05-04,8da475d2-80dd-4d04-8d0e-709cada9400f
DeAndre,Walter,2015-02-08,00475cfb-6c5a-4333-9f54-7ca7f6008cd2
Carpenter,James,1981-05-27,30cd8847-a5de-4cf6-8ee8-3028990eb070
Alvarez,Barbara,1949-04-16,fc53920a-26cd-42e8-a5ef-c60f723adfab
Alvarez,Barbara,1927-10-04,f5e61859-e116-4d9b-8c20-074befae4d3f
Hernandez,Walter,1985-03-22,b9baf1a4-175a-4038-a15b-82abf9961335
Jones,James,1992-07-07,c38eb36a-1237-426e-8ce7-2c7b9411d6a7
Garten,Federico,1954-11-08,981b514b-f7e2-462d-878e-aa8055f09a01
Tan,Ming,2021-01-25,747898f6-a9fd-4931-a00b-1c0e6e4656e4
Smith,Jacqueline,1984-08-26,9117fb3c-172c-469b-994c-82d094fc8787
Smith,Jessica,2021-06-15,e70c1269-7817-4648-b475-c97a25ff3faa
Yang,Diego,1946-02-13,8e3d90c9-54c0-4ee8-bb94-d29d59cf774f
Gomez,Robert,2013-08-27,98c5514e-d618-43f7-91d8-182ed7a3000e
Rodriguez,Ming,1991-11-12,a3dbc5bf-5fe6-4d29-b571-7ea043f9f885
Gomez,Tomas,1970-06-23,1c1afc79-43f6-4788-ae42-d51e9f398200
Tan,Barbara,2012-01-15,0ea77789-466a-45e3-a5da-dbea62f812cc
Garten,Federico,2007-11-17,3069f9f0-2a9e-41da-9011-9c2d52b60aa5
Jones,Kathleen,1971-09-09,c1fb146c-4aee-4336-bb50-02d2c3acdccb
Rodriguez,Walter,1969-10-09,0ed7f753-8b80-437e-bf42-276e6bc40667
DeAndre,Walter,1948-05-27,10868aa1-3da0-4eca-8dc8-6a2f3dce4059
Carpenter,Jacqueline,1929-05-22,d2d94bca-2276-4ce9-aa49-14a6c37b9c32
Tan,Barbara,2009-04-12,373fc179-20be-4f2a-a62c-26c34f9c9c8c
DeAndre,James,1960-03-17,e7c48369-4d25-4c25-894c-1d24064a492a
Yang,Maria,1988-01-26,454bc706-2a96-4419-ba08-ce23a12184e4
Lee,Jacqueline,1959-03-20,13201cac-4c2e-40fb-b242-13adf63c97c9
DeAndre,Tomas,1953-06-15,ec5cf5c1-a894-4ca1-a4ee-5870e3196238
Alvarez,Jose,1987-08-21,47ce0429-ce99-4ac3-b4e2-628021582d69
DeAndre,Diego,1967-05-02,62822ece-dce8-42cb-b399-cb6abe073652
Hernandez,Maria,1992-06-07,f34cac36-bed2-46ff-a41e-0fc42c52574a
Alvarez,Diego,1984-05-01,1ff3902a-2e9e-471c-ae86-94db96b591a9
Alvarez,Jessica,1957-08-18,d93965eb-172e-4f52-90de-d8c8feea0f8d
Lee,Robert,1993-11-17,30bdbf6b-737c-4396-bece-80a513ef2725
Smith,Jose,1937-03-11,85db9d38-4f2e-47fa-a6dd-34020c06b5f0
Jones,Maria,1930-11-16,d1f14218-a7aa-401e-a5bd-7faf240c07f5
Schmidt,Walter,2004-07-28,aab74be9-23d9-4195-99d8-03471f85bd48
Hernandez,Ming,1981-01-30,9bae6ccc-d959-4ccf-aec5-2f203ca1bdc3
Hernandez,Federico,1981-11-22,9bb48a98-e8ce-4bd9-bc75-5be69d2434c9
Rodriguez,Diego,1976-04-12,22c1bbff-6673-411c-8b8a-160a916d4124
DeAndre,Jennifer,1928-03-25,ad7e78ea-662e-48f3-a991-99658215ee2b
Carpenter,Robert,1951-11-27,91ca594d-b444-43d8-8c6c-4e2748b893f0
Schmidt,Kathleen,1924-10-19,fc20b4bc-7831-4540-a79a-cf96e196c237
Alvarez,Federico,1993-08-09,ca1cc250-4a67-499e-a7d9-10eff1333076
Smith,Kathleen,2008-08-22,aad9f07f-347d-49b4-a58e-b4f4c020e8bf
Smith,Jacqueline,2020-08-16,08c6a29f-f173-448a-a338-e400ac4ea8fc
Smith,Jose,1970-04-02,0e702333-a33f-4682-8ebf-6de4508427d1
DeAndre,Jennifer,1947-07-29,4e8aed3c-3a13-46a0-982f-99a7acff789e
Alvarez,Maria,1991-04-26,4d677aa3-7f6b-44e9-a7c9-a6cfb6545b26
Lee,Walter,1988-11-09,7a06a60a-f0de-453c-8ad1-cad0cb48f46b
Schmidt,Walter,1940-11-28,c2d8de0e-aef3-47bf-b52a-553f4a6197e0
Rodriguez,Maria,1947-09-05,32c6e486-514b-4c7e-bff1-11fbff7c0a96
Yang,Ming,1978-04-17,c3bc9082-6f7d-4fb1-a7be-1df5b61d651b
Carpenter,Jose,2023-08-14,31e0f17e-8842-4750-bb77-19d60a760f7e
Rodriguez,James,1946-09-25,8049f01c-f38d-4159-a6f4-e0541d9c546b
Rodriguez,Jessica,1999-04-03,2f699af0-56b0-4cd7-8cd8-5c2f3e0bd03d
DeAndre,Jessica,1946-07-19,d9b5062b-115b-4995-87e5-7017e1e16bc3
Alvarez,Jose,2022-09-09,06662539-924c-4803-a9cd-9a12491a4cae
Rodriguez,Jacqueline,1943-02-18,7636b0d6-fdba-4ee4-a015-097cecbaff9b
Rodriguez,James,1968-11-14,999837af-2a23-4ae7-bd20-85df01744c0d
DeAndre,Federico,2010-02-24,960754c0-d6e9-40e7-bb7b-885a02094438
DeAndre,Maria,1989-03-13,a3fe0403-5826-4daa-9be6-6d3a6034c468
Jones,Ming,1989-06-26,e7f628a9-cdf2-419d-8604-a0b9a519bc13
Schmidt,Federico,2008-01-14,08dbb867-9eaf-4f59-9801-38b832fae057
Rodriguez,Jose,1935-08-06,dc2feb39-9f91-4945-aaa3-2ccf88995c68
Carpenter,Kathleen,1958-07-26,696cdf1e-08dc-4ee0-9c7c-61d201e050b4
DeAndre,Ming,1982-03-18,49a054d7-c5eb-4012-a516-1faeacae75ab
Jones,Jennifer,1968-11-23,7a66886a-af45-470c-8de6-0c4f6654d091
Smith,Maria,2004-08-22,d9b776fc-66ab-4f1f-b4ce-5f29875dadd1
Rodriguez,Jose,1933-09-06,4b33dd23-1000-4357-8edb-1a066c917354
Gomez,Maria,2005-11-15,4a5c88ff-af92-458a-a182-30f4f5359e1d
Smith,Tomas,1994-03-30,18b1620f-6950-44d6-a0b5-018b4a422602
Smith,James,1978-04-24,93916af1-0e4f-463a-8022-9631dacd6438
Carpenter,Barbara,2005-03-28,d3515677-10ea-4644-ae6d-1617d372a6f7
Tan,Ming,1962-10-11,dc79f774-afac-4174-a913-215fe4440bf9
Schmidt,Federico,1931-04-10,cf2bcfbe-76bb-4375-8d3a-dba4315563d5
Garten,Diego,2000-05-16,8dd767a2-1e31-484e-a9db-7868d4c6d8e3
Gomez,Diego,1959-05-14,5a1d083e-8e85-4312-9ed2-a99790f288f2
Schmidt,Ming,1992-03-17,b29291ba-4b2a-4357-8383-42d8ef50c1e1
Alvarez,James,1988-07-21,9a05f5ef-b564-43de-9d2d-c433c56ecfab
Lee,Robert,1980-04-23,c3b691e8-afd1-4d49-98b6-ac9ac428c885
Yang,Marcel,1958-06-22,1114cbac-e250-4a98-a892-70d14c1f1829
Jones,Jessica,1993-11-25,0a63e009-5303-43d0-9a81-7a71e5fb6c7e
DeAndre,Federico,2008-09-15,0eea96ee-3993-4331-b054-b2f10b26ee7b
Lee,Diego,2001-01-03,5e480f5e-747e-4437-8535-bf1c772c8c34
Yang,Jessica,1977-05-01,af98d63d-1e5b-4f9d-b30b-d46612aede33
DeAndre,Ming,1941-01-20,ac345e9b-59b1-4622-bfcc-6e688470f2f8
DeAndre,Marcel,1946-07-23,93d411ed-a806-4a19-91e3-ad663fe2afb6
Lee,Jose,1926-04-01,29dc0a1c-848e-4931-a4f6-edcf7eaaaa4d
Gomez,James,2021-03-07,6d2f2f85-7416-4ffd-a8f2-6394c5cbe57b
Jones,Federico,2016-04-28,2acd7b00-8cad-4ba8-b420-8f5cf7506738
Rodriguez,Barbara,1969-01-04,3e038c9f-1e30-4239-a313-edc2ade6ed49
Alvarez,Diego,1960-08-03,5615e87b-2acf-4fb0-962e-658464031d7f
Rodriguez,Ming,1939-04-10,17f4e462-d07c-42f1-9834-bf515404845c
Alvarez,Ming,1998-03-17,4744eb4a-9048-4b40-9edb-6375c041e0fe
Alvarez,Federico,1926-07-04,c8d6ced8-d276-416c-9acc-a1222af723fd
Carpenter,Diego,2012-02-01,7af96184-401e-4087-bec6-9a918862fb01
Tan,Ming,1978-02-08,53d420d3-fa0b-433b-800d-14c83cae4811
Tan,Barbara,1953-09-09,39f2d7a5-fe20-4838-ac46-884c02330910
Jones,Diego,2013-02-22,4deefcc0-31a7-4595-8e06-3a54c78a2120
Hernandez,Barbara,1948-10-12,2cd8b771-db19-4935-91fd-58d95fc6dc52
Lee,Diego,1977-10-06,90fd8587-c3c5-42fa-ba31-f92a3e87bf6f
Smith,Kathleen,1977-03-24,11ca0740-5d76-458a-996e-6a721ad3482d
Hernandez,Robert,1972-01-15,0dd6e27e-92d7-40d1-8a7d-3c050c096a73
Smith,Marcel,1996-07-04,9d89090e-ceba-4aab-86d5-df329dfe3b95
Schmidt,Diego,1976-11-13,003e5a27-7ca1-47c4-aee8-1092c9ed904d
Jones,Jennifer,1924-09-01,238d2cd8-b38e-4bc9-97ba-855b3fd0d80b
Hernandez,James,1952-08-20,82e6db7d-6787-413a-86d2-e5c08de84ddf
Alvarez,Jennifer,1998-04-17,6fc39d28-8989-4c52-b3d6-963de2cecbca
Hernandez,Kathleen,1948-03-07,82f5f1d0-554b-46b3-8b43-735be20dc980
Jones,Robert,1968-10-10,902d8da1-de76-4be6-b2c1-2869a0ed5aa1
Yang,Tomas,1946-10-30,8428a678-84d5-487d-822f-44c49d7a8b3b
DeAndre,Jennifer,1982-09-12,df6308fe-67b3-43bb-a000-fee34356c3e2
DeAndre,Ming,2002-01-29,cc51a451-e397-4618-bc1f-c03a1ae8a18c
Smith,Barbara,2019-07-23,6f1cbd95-95bc-4e09-a74c-2c84a9cf1b8b
Alvarez,Marcel,1938-11-28,cdba050a-3576-4b0d-9e21-bffd051a52e3
Gomez,Jessica,2003-04-21,3680a4a3-9dde-4d73-8583-8a866d9f2e61
Tan,Walter,1985-06-14,245dc2b6-60ad-4213-807c-d37c75c5817f
Rodriguez,Jennifer,1955-05-13,d466d1b1-95c7-4554-8fad-e4facbe9261f
Tan,Walter,1963-11-04,b4ad883a-e937-42b9-a84b-acc5e146422c
Lee,Tomas,1982-04-19,fe4243aa-b41e-49f4-99ea-8e98735dd317
Garten,Diego,2008-03-08,4a2f34e5-1fc2-470a-8db7-0e5c38331fb3
Schmidt,Ming,1975-08-20,74c1f5ff-b16f-40fa-9fc5-594ab0ad1478
DeAndre,Jennifer,1936-01-29,34a39aad-23d7-4ff4-b5a4-882c1315a6a2
Rodriguez,Tomas,1990-05-03,946cd419-449b-41b8-9a80-438be64859a3
Smith,Robert,1940-02-24,b9d64025-02aa-4db6-bc8e-7a614eae96e7
Yang,James,1927-11-11,0c878bd6-6fb9-4e39-92be-316e57c085ce
Schmidt,Tomas,1943-05-27,674d27ae-fea6-447f-a99c-9f46bc6d9d56
Hernandez,Ming,1991-04-08,00cd7580-6308-4fb5-8e4e-82a4160ae09c
Yang,Marcel,2014-04-08,c2c8ca1c-37b3-41a6-a5c7-8d92dece2459
Yang,Federico,1942-05-02,e8cd5d56-c491-4277-8337-32a8677e1d82
Carpenter,Tomas,1933-11-21,6d8024b5-cccd-430c-9c41-b72f35ceefae
Garten,Ming,1929-09-23,aa5f90eb-31a4-45f6-9ca5-fa18f837e82e
Jones,Kathleen,1970-01-22,0829723c-d1c4-4b5e-8aba-a36647bfe8aa
Yang,James,1973-09-25,94c763f1-10b8-4b20-ab3f-d3d87209cbee
Schmidt,Jacqueline,2005-10-10,546b4233-d98d-490d-9af6-3c3e8f1a4f20
Gomez,Marcel,1932-03-05,c25c71f2-cea2-47b9-b72f-beaac46e9adf
Garten,Jacqueline,1932-11-26,f97ccf7b-1f17-4e43-9f52-6d63f67303f8
Schmidt,James,2017-11-29,561cd84c-fcea-401d-8bb3-68d52c28140c
Schmidt,Jessica,1938-01-12,44f5cb60-11f1-49e9-8930-3c6b69b04f1c
Gomez,Maria,1965-05-05,419e04e6-9290-4c54-9d03-dd1a6f819bab
Tan,Barbara,1983-06-02,05db7904-a9f6-41fc-ad95-d804422b394a
Schmidt,Walter,1971-10-06,356631eb-8717-4346-b1b2-4830fc17d1b7
Smith,Robert,1924-04-04,0a14bc65-44c4-46dd-9287-d1019120a6b5
Hernandez,Kathleen,1991-05-12,49a23363-d2f1-4409-8b85-fea9417e339b
DeAndre,Diego,1943-09-29,c5e2567a-9a23-4167-96f5-2a435c47224c
Smith,Tomas,2008-11-22,1fbf1628-dec9-4ef5-a6c8-4b5105de32e0
Schmidt,Jessica,1974-02-10,98497379-0ffa-44be-a59e-a7a6e456c2b1
Tan,Tomas,2020-04-20,f4858237-e228-407d-956b-7f9985df6808
Garten,Ming,1935-10-10,93036076-6949-4613-a54d-5386da1e0a29
Jones,Jose,1963-02-05,ae1d43d9-08e3-4a0c-90bf-7aadb22fccb1
Yang,Federico,1962-03-10,2a7d1e76-9112-4539-863c-b6155d91eed8
DeAndre,Jose,2020-06-12,e89ee3f9-d7ec-40c2-9587-dd1a95319401
Gomez,Jose,1998-08-09,0a2709a0-0acf-401e-82ac-a7448b19e7b7
DeAndre,Diego,2007-06-20,698665f6-4e52-4aac-9546-a818decd1522
Schmidt,Kathleen,2018-11-14,a7b87c28-58dd-4192-acec-c9df93c9f82b
Schmidt,Tomas,1932-03-16,56e51630-da30-46b6-b643-51b32aea078c
Rodriguez,Walter,1937-11-12,9f5589c1-2114-4503-ac3a-92f4504215cb
Gomez,Barbara,2003-04-20,c189f0e2-83a8-4712-a376-cc1d03d11a57
Schmidt,Jennifer,1935-06-14,de951c16-3bbe-4409-8e05-2db5b91989a4
Gomez,Maria,1952-04-14,150cc81b-bb7e-41d5-8292-7cfc7e13ec5e
Yang,Tomas,1926-02-08,43375b40-4c44-4a69-aa6a-65b09807d02f
Tan,Jacqueline,1953-08-03,87ed384b-99ac-4fae-9911-6e59e9ec6fad
Yang,Jessica,2017-02-20,f15ebc22-8cbf-4175-b1ce-344dc064cf1c
Yang,Jose,1951-07-26,be639706-7157-4508-ba0c-a5ec9c2a84fc
DeAndre,Maria,1975-04-19,1b83e11d-c09a-4d27-9305-3d9f1c1a2a6a
Carpenter,Barbara,2015-01-27,062043c8-752c-4874-b023-fb6daff3ecd8
Garten,Jessica,1995-03-15,1a31d2c9-b2f1-4536-856f-4f38617b3109
DeAndre,Tomas,1952-02-19,5d222811-c1a2-431b-ab51-3230db3bd6eb
Lee,Kathleen,2012-06-11,6c1279a3-1d62-4f4c-96b0-eebf3e2c44c1
Schmidt,Jessica,2021-02-02,3e8f5abf-b1b4-46bd-a813-ac03d8f88fb1
Rodriguez,Ming,1924-04-15,b787f43a-d5cf-4852-b28b-1f25a8a2eb64
Rodriguez,Tomas,1993-03-20,61e47466-61f3-4fa9-849b-24b91bb4ad3d
Hernandez,Ming,1987-11-01,0714313e-6c38-4487-9373-efe8db41048c
DeAndre,Maria,1962-04-10,7abf9d0c-d6cf-44e1-9ee8-3e6c80ea9eea
DeAndre,Federico,1994-09-06,05a2d8eb-0e39-40a2-a242-17146a53363a
Lee,Tomas,1929-02-27,1e424995-2cda-4778-8e9c-6753b0e5becc
Hernandez,Jacqueline,2015-11-13,9c53127d-5da9-4cd6-af32-7e8e52897829
Garten,Tomas,1978-09-24,3aec97cb-bad5-473d-8c0a-0e85bbd48f6d
Lee,Marcel,1978-08-12,2c1b404b-5e46-4033-97e5-924c48bc3b97
Garten,Jennifer,1927-02-04,a432b8e4-d435-47ed-af11-277e33427628
Jones,Jacqueline,1924-03-03,5389e281-66a7-4b24-aa3e-ed2ecdf0613a
Gomez,Tomas,2003-03-27,e4f2af1b-e846-4fb5-90f8-2ad9bc1649a6
Hernandez,Jose,1991-04-18,c9e4eec4-c4a9-4fae-95d0-53ec6e902447
Jones,Tomas,1943-03-28,20c53df0-af11-43eb-aaf7-f9b25f0e435c
Schmidt,Jessica,1995-05-10,d7349114-c461-417d-90ee-7701853642dd
Carpenter,Tomas,1984-08-07,d7a3e75c-697a-4f48-a397-6f0123e89785
Schmidt,Walter,1961-04-04,73cc2760-1196-4867-9186-eb2634eb65bf
Hernandez,Ming,1961-07-02,ceec7d66-ccc4-4ce3-ac0b-c87b99c76aeb
Alvarez,Jose,1937-06-01,6805c2b9-55ec-48e3-943c-55505ca3479c
Alvarez,Jessica,1943-05-08,e24eb9bb-2f15-4308-8294-88a951c67819
Alvarez,Kathleen,2014-03-11,1e3c1b32-e678-4e7f-9931-c0f3c9b2ba46
Jones,Barbara,1975-11-11,be745db3-1e3b-47b5-899e-06b6dc6b2d9f
Tan,Maria,1934-06-09,8f47b7f8-b340-4809-9753-fc5c75c9d397
Carpenter,Jessica,1983-06-14,3522f352-b3a8-4736-b345-5c91a2434bb6
Lee,Jose,1999-11-10,e27fe9f6-422d-4ea0-a50c-1c61620ad713
Schmidt,Diego,1988-09-19,4d50f928-4fd2-4e9c-aa17-2532f9315bb1
Garten,Jessica,2016-07-17,89a3845b-e18b-4246-b0b2-acb6a8254f51
Smith,James,1941-02-04,46160f18-7dec-4042-a646-d6fc2fd3bee2
Schmidt,Barbara,1951-08-26,a212f701-0537-4c79-897c-5242a3128007
DeAndre,Robert,1967-02-26,bd65698c-c1b7-4205-a52b-47b350fd3e87
Carpenter,Tomas,2018-11-26,77ecc2ab-26c2-4543-a0d7-617455f324b0
